movieId,imdbId,tmdbId
37475,350261,1947.0
37477,399327,9074.0
37495,430651,16133.0
37545,80149,10319.0
37720,404032,8643.0
37727,408790,9315.0
37729,121164,3933.0
37731,385002,8923.0
37733,399146,59.0
37736,380599,257.0
37739,388980,15487.0
37741,379725,398.0
37830,385700,647.0
37844,403455,14544.0
37853,378109,11968.0
37857,366780,14517.0
38038,312004,533.0
38061,373469,5236.0
38095,456912,11344.0
38159,95467,31056.0
38164,32194,43807.0
38198,424024,10700.0
38294,402057,5471.0
38304,367555,19082.0
38388,380389,9763.0
38583,92240,10017.0
38798,388125,11931.0
38886,367089,10707.0
38992,417217,9910.0
39183,388795,142.0
39231,368709,9621.0
39234,395972,9701.0
39292,433383,3291.0
39307,418647,12920.0
39381,421238,16608.0
39400,432291,791.0
39414,338427,2610.0
39427,371257,8066.0
39435,386140,1656.0
39444,384680,6963.0
39446,432348,215.0
39449,387514,2313.0
39516,330702,16729.0
39715,436058,8274.0
39801,425661,42000.0
39869,342735,1951.0
40148,365686,10851.0
40278,418763,25.0
40339,371606,9982.0
40412,419677,12877.0
40414,424205,11661.0
40478,69005,38761.0
40491,98532,7974.0
40578,200768,46917.0
40581,433400,10033.0
40583,365737,231.0
40597,328132,68098.0
40614,398017,8999.0
40617,381966,8555.0
40629,414387,4348.0
40697,105946,
40723,416315,9885.0
40732,435625,9392.0
40815,330373,674.0
40819,358273,69.0
40826,294870,1833.0
40851,406375,6795.0
40870,401085,11421.0
40946,422528,16156.0
40955,411195,1420.0
40959,400525,9005.0
40962,443295,13499.0
40966,375920,7548.0
41014,65143,20345.0
41285,416320,116.0
41527,445620,67.0
41566,363771,411.0
41569,360717,254.0
41571,397535,1904.0
41573,356680,9043.0
41617,285175,14695.0
41627,61847,27031.0
41712,202559,22908.0
41716,365485,9515.0
41724,473107,29595.0
41769,392465,23478.0
41828,60474,8290.0
41863,419294,8053.0
41997,408306,612.0
42002,395251,9899.0
42004,407265,546.0
42007,398375,2800.0
42009,452598,9641.0
42011,369441,7552.0
42013,267891,9927.0
42015,402894,9681.0
42018,413015,10773.0
42176,66498,88953.0
42191,91455,13925.0
42285,116075,9568.0
42418,402399,11400.0
42422,370754,37910.0
42556,57812,14241.0
42559,59673,79406.0
42602,444608,38785.0
42632,451094,4550.0
42638,338075,16433.0
42718,414852,10045.0
42723,450278,1690.0
42725,456554,9900.0
42728,375154,9044.0
42730,385726,9918.0
42732,408985,17379.0
42734,443536,10982.0
42738,401855,834.0
42740,433116,25890.0
42761,140883,39345.0
42943,89913,12701.0
42946,85127,21519.0
43289,142181,28638.0
43333,240200,7509.0
43376,426578,2117.0
43396,412080,9912.0
43419,416496,1969.0
43460,423409,8435.0
43549,383393,45759.0
43556,417433,13275.0
43558,421729,11565.0
43560,396752,11283.0
43677,114745,31894.0
43679,414982,9286.0
43684,437777,15363.0
43708,425598,292.0
43744,421994,1544.0
43836,383216,12096.0
43869,381971,9975.0
43871,408345,9754.0
43904,455857,10053.0
43908,449061,7515.0
43912,349467,9959.0
43914,380817,14256.0
43917,397313,9036.0
43919,466342,10073.0
43921,404390,7304.0
43928,370032,9920.0
43930,397078,10025.0
43932,454919,9682.0
43936,450232,2207.0
44004,427229,6877.0
44020,491703,14609.0
44022,438097,950.0
44189,384814,1967.0
44191,434409,752.0
44193,454945,9655.0
44195,427944,9388.0
44197,419749,9950.0
44199,454848,388.0
44204,468565,868.0
44225,429591,14191.0
44238,110329,18009.0
44241,113636,19286.0
44243,116861,19287.0
44301,458242,1379.0
44397,454841,9792.0
44399,393735,10067.0
44511,436864,35555.0
44555,405094,582.0
44597,57697,37939.0
44613,446046,12763.0
44633,436231,13222.0
44657,61996,1561.0
44665,425210,186.0
44694,441909,219.0
44709,437800,13751.0
44719,263124,53961.0
44731,441796,10069.0
44759,430912,3093.0
44761,393109,9270.0
44773,225481,28349.0
44777,383353,10177.0
44788,493459,16070.0
44828,439815,9035.0
44840,437863,9957.0
44849,386741,9389.0
44851,416331,460.0
44864,436331,8998.0
44889,404364,20521.0
44929,424880,4441.0
44931,16914,84954.0
44937,456396,11490.0
44943,312318,11304.0
44972,362120,4257.0
44974,424136,2652.0
45028,420087,9526.0
45062,443632,5820.0
45074,405469,9904.0
45081,384537,588.0
45106,465142,9310.0
45175,434124,16367.0
45183,427954,8982.0
45186,317919,956.0
45208,449089,9530.0
45210,475276,9829.0
45221,430634,10115.0
45361,429573,10008.0
45382,398027,7870.0
45431,327084,7518.0
45440,364955,9786.0
45442,409182,503.0
45447,382625,591.0
45499,376994,36668.0
45501,452594,9767.0
45503,438315,13689.0
45517,317219,920.0
45635,404802,15402.0
45648,425055,80919.0
45658,410400,38344.0
45662,466909,806.0
45666,457510,9353.0
45668,410297,2044.0
45672,389860,9339.0
45720,458352,350.0
45722,383574,58.0
45726,463034,1819.0
45728,424345,2295.0
45730,452637,9697.0
45732,465624,4474.0
45880,422720,1887.0
45928,489037,13508.0
45950,497116,1781.0
45969,101545,16270.0
46062,475293,10947.0
46105,428649,17628.0
46231,426627,17741.0
46322,446059,7549.0
46335,463985,9615.0
46337,455499,9513.0
46347,478209,20604.0
46367,105187,31692.0
46530,348150,1452.0
46559,468094,7872.0
46572,443496,18191.0
46574,422861,14474.0
46578,449059,773.0
46664,40338,21631.0
46723,449467,1164.0
46772,369994,13141.0
46850,492506,35199.0
46855,64040,15383.0
46862,79759,47850.0
46865,430304,9072.0
46948,385880,9297.0
46965,417148,326.0
46967,457513,512.0
46970,415306,9718.0
46972,477347,1593.0
46974,469641,1852.0
46976,420223,1262.0
47044,430357,82.0
47099,454921,1402.0
47122,455967,9293.0
47124,429589,9906.0
47200,479884,1948.0
47202,430576,148.0
47254,402910,5289.0
47261,448075,9782.0
47382,462590,9762.0
47384,383060,14113.0
47404,452039,21712.0
47423,468489,7859.0
47446,428856,16998.0
47465,410764,11559.0
47491,418455,1023.0
47516,433412,10118.0
47518,384793,9788.0
47538,74442,11689.0
47566,39211,33813.0
47610,443543,1491.0
47629,436697,1165.0
47640,486551,9988.0
47644,445990,11652.0
47646,417225,13816.0
47721,48980,15265.0
47725,473753,11227.0
47736,32339,33810.0
47774,97702,41937.0
47793,436689,24055.0
47810,450345,9708.0
47894,460989,1116.0
47937,464196,5072.0
47950,427969,1249.0
47952,475944,9954.0
47970,434139,7511.0
47978,423169,13075.0
47997,387808,7512.0
47999,486358,1776.0
48001,456470,1963.0
48032,419198,10846.0
48043,414993,1381.0
48045,109440,15097.0
48082,354899,300.0
48142,387877,9676.0
48150,380066,6948.0
48161,421206,9766.0
48214,382357,1595.0
48262,799954,1666.0
48304,472043,1579.0
48319,454824,9664.0
48322,493430,12094.0
48326,405676,1717.0
48342,435623,15624.0
48385,443453,496.0
48394,457430,1417.0
48412,406816,4643.0
48414,400717,7484.0
48416,462519,9842.0
48516,407887,1422.0
48518,420294,10781.0
48520,424993,9794.0
48560,439289,7510.0
48593,483726,9895.0
48596,419946,8975.0
48598,420609,9672.0
48638,74291,42236.0
48649,24966,46774.0
48678,426459,10070.0
48696,404203,1440.0
48698,814075,13364.0
48738,455590,1523.0
48741,478049,14201.0
48744,367027,1378.0
48774,206634,9693.0
48780,482571,1124.0
48783,418689,3683.0
48872,475169,6077.0
48877,489270,214.0
48879,437232,1123.0
48883,853096,21173.0
48982,424095,11619.0
48997,396171,1427.0
49013,452681,13767.0
49110,104905,27295.0
49130,401445,9726.0
49132,811136,2152.0
49220,470765,14799.0
49263,486585,21710.0
49265,420901,8588.0
49272,381061,36557.0
49274,366548,9836.0
49276,454987,9809.0
49278,453467,7551.0
49280,308055,10741.0
49284,499603,2357.0
49286,457939,1581.0
49314,433387,7873.0
49347,460792,8324.0
49389,439,5698.0
49396,365830,2179.0
49524,762121,2447.0
49530,450259,1372.0
49647,413895,9986.0
49649,449010,2486.0
49651,479143,1246.0
49666,422295,18615.0
49688,46889,13210.0
49735,443431,12795.0
49772,446755,14202.0
49793,758794,11170.0
49822,343737,1247.0
49824,443489,1125.0
49910,463998,1646.0
49917,783612,58923.0
49932,460829,1730.0
49957,464049,8618.0
49961,465551,1259.0
50003,398913,9053.0
50005,473444,1494.0
50064,452624,182.0
50068,498380,1251.0
50147,454082,9656.0
50158,775539,1931.0
50160,482546,13967.0
50189,808146,8275.0
50274,489327,13771.0
50354,45081,11578.0
50356,43918,11972.0
50440,772193,4283.0
50442,426883,7457.0
50445,455960,8398.0
50514,457655,3549.0
50601,398808,1265.0
50610,453453,14137.0
50613,369359,15689.0
50658,473434,13365.0
50685,473308,10758.0
50740,58578,51863.0
50792,395495,13668.0
50794,475394,7516.0
50796,397044,10075.0
50798,799949,9760.0
50800,425430,9966.0
50802,490084,1257.0
50804,367959,1248.0
50806,477051,9757.0
50842,469754,5206.0
50851,380268,14761.0
50872,382932,2062.0
50912,401711,2266.0
50923,469263,5172.0
50942,423505,9965.0
50954,482527,37725.0
50999,396042,13517.0
51024,118414,17266.0
51037,450340,9828.0
51077,259324,1250.0
51080,401997,4169.0
51082,778661,16555.0
51084,758766,11172.0
51086,481369,3594.0
51088,499554,10090.0
51091,462200,7874.0
51167,476735,13393.0
51174,432402,12271.0
51255,425112,4638.0
51314,465188,1993.0
51357,112681,12554.0
51412,435705,1738.0
51471,454776,15163.0
51498,264323,10845.0
51540,443706,1949.0
51545,425379,11330.0
51562,106336,10942.0
51573,36154,27040.0
51575,486946,11199.0
51662,416449,1271.0
51666,475937,10790.0
51694,477095,14055.0
51698,768212,2267.0
51705,482088,6691.0
51709,468492,1255.0
51834,416508,2977.0
51884,433416,16727.0
51903,770772,14434.0
51925,477071,9963.0
51927,455760,14001.0
51931,490204,2355.0
51933,475355,16385.0
51935,822854,7485.0
51937,800069,9793.0
51939,453556,1273.0
52042,389557,9075.0
52241,427470,8270.0
52245,445934,9955.0
52279,422774,10172.0
52281,462322,253768.0
52283,444682,1683.0
52287,396555,1267.0
52299,419434,16018.0
52319,76584,22311.0
52328,448134,1272.0
52375,462338,9903.0
52435,60345,13377.0
52458,486822,8271.0
52462,455326,13158.0
52579,450188,1407.0
52604,488120,6145.0
52644,452702,10294.0
52668,419843,13067.0
52694,453451,1268.0
52712,435670,9785.0
52715,772178,13280.0
52722,413300,559.0
52724,338216,1950.0
52730,329737,13352.0
52767,75610,20553.0
52784,856008,13894.0
52831,95583,14240.0
52867,458364,13171.0
52885,851578,4977.0
52950,409904,2269.0
52952,480025,11798.0
52967,491747,1919.0
52973,478311,4964.0
52975,427327,2976.0
53000,463854,1562.0
53022,87578,11205.0
53024,762111,36676.0
53121,413267,810.0
53123,907657,5723.0
53125,449088,285.0
53127,470705,12526.0
53129,780571,3432.0
53138,455596,14208.0
53140,412915,14207.0
53143,444628,24200.0
53161,497137,5488.0
53280,455362,10063.0
53318,460740,12225.0
53322,496806,298.0
53326,465203,10832.0
53355,177242,2241.0
53435,498353,1691.0
53447,842929,1990.0
53450,79453,170261.0
53453,79946,22049.0
53460,423294,9408.0
53464,486576,1979.0
53466,479500,14043.0
53468,457572,10288.0
53519,1028528,1991.0
53550,462504,9952.0
53574,473709,17320.0
53578,449851,21427.0
53808,490822,11211.0
53883,430484,49870.0
53894,386032,2359.0
53921,829459,1988.0
53953,450385,3021.0
53956,795368,2196.0
53972,337978,1571.0
53974,762114,2959.0
53993,413099,2698.0
53996,418279,1858.0
54001,373889,675.0
54004,762107,3563.0
54116,432289,16083.0
54121,42286,37292.0
54185,832903,24582.0
54190,445922,4688.0
54256,787475,10074.0
54259,486655,2270.0
54272,462538,35.0
54274,897361,5857.0
54276,481141,3638.0
54281,423977,8669.0
54286,440963,2503.0
54354,478116,54546.0
54372,362225,10795.0
54503,829482,8363.0
54617,412535,17350.0
54648,293564,5174.0
54686,462396,9703.0
54732,424823,9750.0
54734,815244,10760.0
54736,431197,4349.0
54745,477078,13068.0
54768,462244,14144.0
54771,427392,4858.0
54780,489237,12435.0
54785,373883,2082.0
54787,804461,11835.0
54796,841044,1845.0
54881,923752,13958.0
54908,804540,2335.0
54910,437857,10961.0
54934,784972,10071.0
54962,810988,12994.0
54995,1077258,1992.0
54997,381849,5176.0
54999,465602,4141.0
55020,811106,13173.0
55036,116441,14786.0
55052,783233,4347.0
55061,800022,13529.0
55067,454931,523.0
55069,1032846,2009.0
55071,912593,12901.0
55080,476964,4413.0
55094,478134,6973.0
55110,465436,4629.0
55112,469184,15361.0
55116,455782,5353.0
55118,765443,2252.0
55156,492499,30365.0
55167,831888,13754.0
55190,452643,6641.0
55205,480269,8414.0
55207,409799,244797.0
55232,432021,7737.0
55241,419984,13257.0
55245,452625,10030.0
55247,758758,5915.0
55250,492956,13680.0
55253,808357,4588.0
55259,484562,2274.0
55261,408839,9038.0
55267,480242,7211.0
55269,838221,4538.0
55272,498399,2001.0
55274,414055,4517.0
55276,465538,4566.0
55278,857265,4520.0
55280,805564,6615.0
55282,389722,4513.0
55290,452623,4771.0
55292,790804,10759.0
55294,758798,14251.0
55363,443680,4512.0
55391,360323,13197.0
55442,808417,2011.0
55444,421082,5708.0
55451,866437,5951.0
55492,454864,15667.0
55553,779982,3603.0
55555,880502,2014.0
55577,890870,663.0
55620,912583,15651.0
55687,912592,14279.0
55721,861739,7347.0
55729,388182,5718.0
55765,765429,4982.0
55768,389790,5559.0
55805,292963,7972.0
55814,401383,2013.0
55820,477348,6977.0
55830,799934,4953.0
55844,496328,10520.0
55854,39402,37368.0
55872,426931,5123.0
55908,756683,13363.0
55946,891527,4515.0
55995,442933,2310.0
56003,405336,4723.0
56012,910873,16768.0
56022,113264,24732.0
56060,284363,12555.0
56145,884328,5876.0
56152,461770,4523.0
56156,465494,1620.0
56169,211933,13483.0
56171,385752,2268.0
56174,480249,6479.0
56176,952640,6477.0
56251,471711,7249.0
56274,757361,13998.0
56286,368794,3902.0
56333,775529,8272.0
56336,804555,13186.0
56339,464141,6537.0
56367,467406,7326.0
56379,762117,33003.0
56389,765120,1989.0
56563,847817,13348.0
56587,825232,7350.0
56607,419887,7979.0
56620,810823,12171.0
56715,477139,13198.0
56757,408236,13885.0
56775,465234,6637.0
56782,469494,7345.0
56788,472062,6538.0
56801,758730,440.0
56805,841046,6575.0
56837,450972,19103.0
56869,489458,40860.0
56908,490579,14118.0
56915,760329,54318.0
56921,991178,69315.0
56941,431308,6023.0
56949,988595,6557.0
57147,795493,4787.0
57183,986264,7508.0
57243,1032856,5259.0
57274,1038988,8329.0
57326,460780,2312.0
57368,1060277,7191.0
57421,422401,11908.0
57499,99753,41845.0
57502,385586,25078.0
57504,808506,14069.0
57522,486578,14423.0
57526,880578,8090.0
57528,462499,7555.0
57532,1073498,7278.0
57536,489282,14220.0
57637,780607,13059.0
57640,411477,11253.0
57669,780536,8321.0
57772,70904,53094.0
57843,901507,13054.0
57910,780622,13121.0
57951,770752,8676.0
58025,489099,8247.0
58047,832266,8390.0
58078,485851,13641.0
58103,443274,7461.0
58105,416236,8204.0
58107,1023481,8328.0
58154,467200,12184.0
58156,839980,13260.0
58162,425413,7942.0
58191,854678,13362.0
58287,463027,21373.0
58291,997047,13493.0
58293,443649,7840.0
58295,200465,8848.0
58297,483607,13460.0
58299,451079,12222.0
58301,808279,8461.0
58303,813547,7862.0
58306,416044,12246.0
58309,912599,16666.0
58315,811138,12177.0
58332,848557,13025.0
58347,472160,7985.0
58351,870090,7343.0
58376,1166827,13016.0
58404,902272,14011.0
58425,1094594,14793.0
58492,453548,14054.0
58554,988108,28205.0
58559,468569,155.0
58627,1023111,8456.0
58655,817538,8457.0
58783,481797,7797.0
58803,478087,8065.0
58806,858479,12890.0
58826,827521,24411.0
58839,379865,4942.0
58842,881200,14044.0
58870,388556,36223.0
58876,489281,8988.0
58879,893382,7944.0
58964,856288,13312.0
58972,410377,10488.0
58975,963794,11152.0
58998,800039,9870.0
59014,426592,11918.0
59016,421073,1266.0
59018,857191,12473.0
59022,481536,13335.0
59026,875113,8827.0
59037,811080,7459.0
59103,865556,1729.0
59118,1045670,10503.0
59126,815241,13007.0
59129,892899,9017.0
59131,845955,25119.0
59141,845046,13258.0
59143,1111833,14236.0
59220,425326,7861.0
59258,871426,8780.0
59295,1091617,13359.0
59306,926129,8617.0
59315,371746,1726.0
59333,866439,10761.0
59336,1012804,12400.0
59369,936501,8681.0
59387,460791,14784.0
59421,1033643,9029.0
59429,974959,8277.0
59440,482463,12586.0
59501,499448,2454.0
59549,942384,17483.0
59604,830558,15356.0
59615,367882,217.0
59667,435706,12808.0
59725,1000774,4564.0
59727,482606,10665.0
59731,1151309,13636.0
59738,490076,9022.0
59784,441773,9502.0
59810,1000771,14050.0
59814,812243,14019.0
59900,960144,10661.0
59915,758786,13848.0
59947,89847,45408.0
59985,460745,12912.0
59995,1078188,14748.0
60030,491162,18467.0
60037,949731,8645.0
60040,800080,1724.0
60046,889588,13405.0
60069,910970,10681.0
60072,493464,8909.0
60074,448157,8960.0
60126,425061,11665.0
60128,913445,13019.0
60141,964587,10748.0
60161,1054485,12889.0
60289,846308,8359.0
60291,479468,13003.0
60293,1082886,13990.0
60303,492784,10842.0
60333,1093824,12172.0
60363,960890,13009.0
60365,64349,13675.0
60389,870211,14111.0
60397,795421,11631.0
60408,1064932,8265.0
60471,479528,13022.0
60487,60550,13353.0
60514,373051,88751.0
60516,765476,11260.0
60522,1050160,13964.0
60538,492486,14456.0
60647,800241,6687.0
60674,929629,12914.0
60684,409459,13183.0
60735,952682,12247.0
60737,472205,22100.0
60753,1117385,13012.0
60756,838283,12133.0
60760,443701,8836.0
60766,1155592,14048.0
60803,63230,18846.0
60818,765458,11910.0
60832,964539,12192.0
60857,801526,16725.0
60885,1039652,15865.0
60894,819714,14061.0
60904,96126,43680.0
60937,859163,1735.0
60941,805570,10185.0
60943,978759,10183.0
60950,497465,5038.0
60979,1117563,13851.0
61011,783608,13251.0
61024,910936,10189.0
61026,425637,12289.0
61071,1018785,10188.0
61073,411475,13300.0
61123,810900,13649.0
61132,942385,7446.0
61160,1185834,12180.0
61167,1029120,13107.0
61210,490181,13256.0
61236,1185616,8885.0
61240,1139797,13310.0
61246,1104733,12621.0
61248,452608,10483.0
61250,852713,12620.0
61255,1031969,10186.0
61257,963807,15320.0
61262,790686,13515.0
61289,906665,13637.0
61319,1172206,14298.0
61323,887883,4944.0
61348,1213644,13805.0
61350,364970,9381.0
61352,988047,13291.0
61394,392878,14771.0
61401,831887,8285.0
61406,472027,118309.0
61465,814022,13184.0
61628,401808,38019.0
61692,457275,14458.0
61697,1034331,13389.0
61705,947802,13279.0
61729,995039,12797.0
61818,353324,16456.0
61986,800308,12690.0
62008,1282036,37776.0
62081,1059786,13027.0
62113,455538,13092.0
62155,981227,12182.0
62208,47682,46492.0
62250,929425,8882.0
62293,864761,12783.0
62299,913951,12683.0
62336,279077,225130.0
62344,1084950,14976.0
62374,758774,12113.0
62376,970411,13600.0
62383,6333,30266.0
62394,467197,13051.0
62434,1007028,10358.0
62437,1175491,10523.0
62439,1046163,13596.0
62511,383028,4960.0
62553,416212,12837.0
62586,1190617,13948.0
62644,1063669,7735.0
62662,90182,76406.0
62718,963743,12689.0
62792,482572,13150.0
62799,469903,14325.0
62834,280453,16068.0
62836,871427,15289.0
62849,1032755,13809.0
62956,1054486,13253.0
62970,910812,114796.0
62999,479952,10527.0
63033,861689,8338.0
63062,824747,3580.0
63072,898367,20766.0
63082,1010048,12405.0
63113,830515,10764.0
63131,430922,15373.0
63179,976060,8938.0
63222,1130988,13672.0
63239,128996,42884.0
63276,1016290,14943.0
63312,772181,4627.0
63393,1055366,13655.0
63433,387736,13905.0
63436,1132626,11917.0
63479,1135985,13523.0
63515,851577,22358.0
63540,1014775,14405.0
63768,59320,88435.0
63808,1068646,8841.0
63826,1031280,13220.0
63853,455824,6972.0
63859,397892,13053.0
63876,1013753,10139.0
63992,1099212,8966.0
64010,1172571,16342.0
64030,1129442,13387.0
64032,369436,12193.0
64034,914798,14574.0
64114,1129423,14438.0
64116,465502,14248.0
64167,233044,12224.0
64197,986233,10360.0
64231,450314,13056.0
64249,897387,13394.0
64278,828154,34283.0
64285,1118511,14447.0
64497,970416,10200.0
64499,892255,8881.0
64501,374569,8880.0
64575,918927,14359.0
64614,1205489,13223.0
64620,870111,11499.0
64622,976051,8055.0
64695,1121794,13980.0
64716,814314,11321.0
64839,1125849,12163.0
64957,421715,4922.0
64969,1068680,10201.0
64983,985699,2253.0
64993,983213,38142.0
64997,449040,34812.0
65037,953318,6936.0
65088,960731,10202.0
65126,1024715,13973.0
65130,959337,4148.0
65133,212579,194113.0
65135,94754,51247.0
65188,1152758,15584.0
65193,1024255,13971.0
65216,1034303,13813.0
65225,1332128,13180.0
65230,822832,14306.0
65261,876563,12429.0
65350,27664,113916.0
65359,407384,9795.0
65514,1220719,14756.0
65577,420238,10199.0
65585,901476,10521.0
65588,447166,26235.0
65596,1259014,13635.0
65601,1179891,14435.0
65631,850253,13177.0
65642,480669,14139.0
65651,1135493,16999.0
65682,834001,12437.0
65685,494238,2309.0
65738,105251,18543.0
65740,110982,21029.0
65802,1114740,14560.0
65810,472198,14410.0
65882,815245,14254.0
65982,462465,10529.0
66090,1020530,13510.0
66097,327597,14836.0
66171,465580,13455.0
66198,963178,4959.0
66203,1001508,10184.0
66240,1079444,14849.0
66297,1054487,15060.0
66310,814685,13492.0
66320,492931,4832.0
66335,1265998,14711.0
66371,1069238,16804.0
66427,489235,1961.0
66509,1201167,20829.0
66511,1213019,30508.0
66544,208629,18884.0
66665,1176740,19255.0
66744,1023490,8832.0
66783,758746,13207.0
66785,901487,15067.0
66798,838232,15159.0
66915,102802,20421.0
66934,1227926,14301.0
66943,465430,13849.0
67087,1155056,16538.0
67168,926063,13094.0
67186,492044,18781.0
67193,1135487,16558.0
67197,448011,13811.0
67255,1132620,15472.0
67267,862846,13090.0
67295,1287845,15854.0
67361,1124039,16325.0
67408,892782,15512.0
67508,765432,6968.0
67534,490086,13161.0
67618,494277,13808.0
67665,1157605,18094.0
67695,1197628,16991.0
67734,1091722,16614.0
67788,1093908,20048.0
67799,1234541,16258.0
67888,26676,55773.0
67923,1013752,13804.0
67997,1226774,19833.0
68073,1131729,18947.0
68135,974661,16996.0
68157,361748,16869.0
68159,473705,16995.0
68194,1226271,21641.0
68205,1121931,15092.0
68237,1182345,17431.0
68269,962736,18320.0
68319,458525,2080.0
68347,1127715,21191.0
68358,796366,13475.0
68444,460810,16279.0
68480,79718,11160.0
68486,1326972,15384.0
68522,393597,10946.0
68536,278736,30416.0
68552,924129,15577.0
68554,808151,13448.0
68597,70653,42738.0
68600,787470,14141.0
68650,1032819,17740.0
68659,489049,13532.0
68791,438488,534.0
68793,1078912,18360.0
68835,476991,19375.0
68848,844286,21755.0
68872,38823,8429.0
68886,478724,19955.0
68932,821642,17332.0
68945,169880,21832.0
68952,1127180,16871.0
68954,1049413,14160.0
68959,485323,14003.0
69069,1083456,17927.0
69118,910905,13975.0
69122,1119646,18785.0
69131,443559,16164.0
69134,870984,17609.0
69140,479760,37924.0
69211,415679,27134.0
69224,119620,64968.0
69227,106827,34300.0
69251,479162,13856.0
69275,1278340,14451.0
69278,457400,18162.0
69304,780567,19724.0
69306,1111422,18487.0
69394,1277737,33409.0
69406,1041829,18240.0
69436,1045778,17610.0
69453,73260,27085.0
69469,1389762,19508.0
69481,887912,12162.0
69495,910847,16240.0
69516,1135092,8284.0
69524,772251,62128.0
69526,1055369,8373.0
69529,1014762,62320.0
69604,1178663,19265.0
69606,821640,12556.0
69640,1152836,11322.0
69644,1080016,8355.0
69654,1131748,176241.0
69685,285627,24232.0
69712,1078588,10024.0
69720,475298,15423.0
69746,1295071,16440.0
69757,1022603,19913.0
69784,889583,18480.0
69805,1146438,14728.0
69844,417741,767.0
69849,75572,67479.0
69860,901481,14687.0
69904,470055,9592.0
69951,1054606,8054.0
69953,1278293,19929.0
69988,1334537,23720.0
70015,1194238,22302.0
70159,1148204,21208.0
70183,1142988,20943.0
70206,844479,21407.0
70208,971209,12403.0
70286,1136608,17654.0
70293,1135503,24803.0
70301,1198138,17335.0
70305,1075417,13836.0
70334,1114677,18126.0
70336,1046173,14869.0
70361,1160368,17134.0
70451,1029235,13752.0
70492,28510,40743.0
70521,1117666,19422.0
70533,923811,15137.0
70545,848281,11115.0
70565,1092633,19905.0
70599,452694,24420.0
70637,830570,31216.0
70641,1151922,19556.0
70663,1032815,19840.0
70687,1331064,25183.0
70697,436339,19585.0
70703,103962,41682.0
70708,964185,11928.0
70728,1172570,18533.0
70862,1229360,22492.0
70932,865559,23049.0
70946,105643,26914.0
70984,1127896,26320.0
70990,116607,35203.0
70994,1311067,24150.0
71033,1305806,25376.0
71057,472033,12244.0
71106,910554,22494.0
71108,1149362,37903.0
71129,1384590,17445.0
71131,1000764,63581.0
71135,1188729,19898.0
71147,48394,72083.0
71156,1234548,10313.0
71160,1323925,17632.0
71205,1131734,19994.0
71211,1130080,11323.0
71248,1225822,12569.0
71252,1144884,19912.0
71254,1034032,18501.0
71264,844471,22794.0
71268,1385912,26367.0
71282,1286537,18570.0
71302,51380,18724.0
71304,762073,22536.0
71327,810784,29963.0
71341,450336,30685.0
71379,1179904,23827.0
71429,1262981,20178.0
71438,1087578,25050.0
71453,41842,91262.0
71462,1313104,23128.0
71464,1019452,12573.0
71466,1174730,28053.0
71468,1071804,24869.0
71484,985058,36800.0
71494,419724,23127.0
71500,862856,23202.0
71518,1172233,22798.0
71520,1058017,23082.0
71530,986263,19959.0
71535,1156398,19908.0
71550,1018818,18176.0
71579,1174732,24684.0
71619,1035736,11156.0
71640,1333634,26763.0
71668,1078940,19899.0
71732,902290,21910.0
71745,386117,16523.0
71810,126388,3513.0
71823,808399,12572.0
71838,1197624,22803.0
71867,1075110,33806.0
71899,978762,24238.0
71902,1186370,19918.0
71910,471041,24056.0
71970,37193,30506.0
71999,14646,2973.0
72011,1193138,22947.0
72104,96880,44338.0
72129,1233227,22804.0
72142,1128075,28422.0
72165,450405,24418.0
72167,1300851,22821.0
72171,1190536,24804.0
72178,475783,14968.0
72224,1161418,22820.0
72226,432283,10315.0
72294,1067106,17979.0
72308,1286130,105077.0
72330,1134629,4475.0
72356,1425244,24480.0
72378,1190080,14161.0
72395,929632,25793.0
72405,1095217,11699.0
72407,1259571,18239.0
72424,298296,17774.0
72479,790712,28089.0
72489,1186367,22832.0
72554,1242422,33273.0
72591,120786,6058.0
72601,1543920,34003.0
72603,1526300,25472.0
72605,765010,7445.0
72624,878674,18595.0
72641,878804,22881.0
72692,238414,15400.0
72694,1247692,22640.0
72696,976238,22949.0
72701,762125,16866.0
72714,358456,30238.0
72720,1315981,34653.0
72731,380510,7980.0
72733,1057500,22954.0
72737,780521,10198.0
72874,119872,27719.0
72919,1314228,24438.0
72921,7361,174598.0
72982,1461312,61872.0
72998,499549,19995.0
73015,1230414,22897.0
73017,988045,10528.0
73023,1263670,25196.0
73042,1231580,23398.0
73106,1407050,26123.0
73160,96142,27390.0
73211,1226681,23963.0
73266,403702,22327.0
73268,433362,19901.0
73290,1028532,28178.0
73319,1216492,25195.0
73321,1037705,20504.0
73323,1343097,33613.0
73344,1235166,21575.0
73386,976246,25927.0
73431,1107860,24271.0
73488,806027,1450.0
73499,110419,81895.0
73501,49607,148435.0
73515,472050,20107.0
73569,92501,21521.0
73676,485976,25676.0
73681,1320082,25205.0
73741,1182921,25602.0
73804,463872,2395.0
73808,1190539,13855.0
73822,82727,57978.0
73854,58536,13382.0
73858,918511,13358.0
73876,443676,15255.0
73881,1187043,20453.0
73929,1038686,22894.0
74075,1185266,23988.0
74089,54176,51120.0
74095,98692,21453.0
74154,1185416,13477.0
74226,105438,94706.0
74228,1187064,26466.0
74275,1045772,8952.0
74282,92571,40724.0
74324,1278469,33602.0
74342,56903,33728.0
74370,1172994,25983.0
74450,817230,32856.0
74452,780653,7978.0
74458,1130884,11324.0
74508,844330,13949.0
74510,1216487,24253.0
74530,814255,32657.0
74532,1385867,23742.0
74545,1139328,11439.0
74553,485601,26963.0
74580,1273678,23172.0
74624,1186830,26428.0
74647,1220220,22805.0
74668,1247640,15357.0
74677,1352852,18489.0
74683,282744,19962.0
74685,455407,29427.0
74688,989757,22971.0
74696,1512201,45576.0
74698,808510,23023.0
74727,68519,20871.0
74750,1245112,10664.0
74754,368226,17473.0
74789,1014759,12155.0
74791,1433540,40623.0
74795,947810,22972.0
74851,1179034,26389.0
74868,1235124,23488.0
74916,1234654,27583.0
74946,815236,34016.0
74948,1289406,25941.0
75341,1403981,23169.0
75389,445939,15846.0
75395,1323045,44363.0
75416,116401,26623.0
75446,1104083,31299.0
75803,1305583,34563.0
75805,1038919,27573.0
75813,1151359,12834.0
75816,1247704,31723.0
75947,57318,32688.0
75985,1053424,31867.0
76030,795351,28355.0
76054,765128,36970.0
76060,1135525,34423.0
76077,1231587,23048.0
76091,1216496,30018.0
76093,892769,10191.0
76143,1181927,21467.0
76173,1149361,27936.0
76175,800320,18823.0
76251,1250777,23483.0
76293,1279935,35056.0
76301,401398,13417.0
76738,1583323,52903.0
76743,314121,8980.0
76751,1033467,25572.0
76763,1017451,27586.0
77177,884762,141714.0
77191,1321509,34803.0
77201,862467,37861.0
77206,1196141,33217.0
77233,1039647,36443.0
77266,445953,12411.0
77364,480255,34813.0
77414,1294226,35690.0
77421,1336617,39053.0
77427,1467304,37169.0
77455,1587707,39452.0
77561,1228705,10138.0
77667,1470023,37931.0
77688,90206,4180.0
77709,1056437,15877.0
77795,381940,34069.0
77798,1179056,23437.0
77800,1341167,37495.0
77841,1210106,37565.0
77846,118528,12219.0
77866,955308,20662.0
77881,307076,21245.0
77893,1368116,34626.0
77931,1355599,37511.0
78034,1196204,36801.0
78039,1120985,46705.0
78041,1103153,37821.0
78088,1462758,26388.0
78103,472562,30527.0
78105,473075,9543.0
78116,878835,40247.0
78142,1081935,25846.0
78160,397612,198306.0
78174,1261945,37786.0
78209,1226229,32823.0
78218,914863,38199.0
78264,1212436,34806.0
78266,1017460,37707.0
78316,892318,37056.0
78349,1258197,29917.0
78467,1075747,20533.0
78469,429493,34544.0
78499,435761,10193.0
78544,993779,198308.0
78574,1399683,39013.0
78620,63557,32068.0
78626,269743,21531.0
78637,892791,10192.0
78703,1179794,39545.0
78746,1144539,40819.0
78772,1325004,24021.0
78836,1191111,34647.0
78893,938283,10196.0
78959,1217616,15102.0
79006,416716,76180.0
79008,1308667,16023.0
79057,1424381,34851.0
79073,1333667,37659.0
79091,1323594,20352.0
79132,1375666,27205.0
79134,1375670,38365.0
79139,963966,27022.0
79185,1013743,37834.0
79224,1155076,38575.0
79242,842926,39781.0
79251,1273235,73861.0
79259,1248971,40850.0
79274,1569923,40662.0
79293,944835,27576.0
79299,874957,
79333,60161,39768.0
79357,485947,31011.0
79428,427152,38778.0
79501,352465,36274.0
79536,1227536,25335.0
79553,1386932,37472.0
79572,493949,38843.0
79590,1205535,24122.0
79592,1386588,27581.0
79677,1522863,53190.0
79684,437405,39414.0
79695,1320253,27578.0
79702,446029,22538.0
79798,1424797,26280.0
79868,1220214,38150.0
79879,464154,43593.0
79895,1179025,35552.0
79897,1194263,44718.0
79946,1285309,41479.0
80083,142235,28609.0
80094,1320244,38358.0
80124,284492,49943.0
80126,1440728,27579.0
80139,1117523,14158.0
80162,1183276,37905.0
80166,889573,41210.0
80219,985694,23631.0
80241,1322312,38073.0
80363,1220634,35791.0
80454,1428453,60678.0
80463,1285016,37799.0
80478,62043,85692.0
80489,840361,23168.0
80549,1282140,37735.0
80551,879870,38167.0
80553,1049402,38568.0
80572,1356864,43939.0
80584,1067733,15179.0
80586,817177,43949.0
80590,1027718,33909.0
80615,1219342,41216.0
80693,804497,43923.0
80727,1251757,38842.0
80748,23753,25694.0
80831,1228987,41402.0
80834,1727587,45745.0
80839,1028576,39486.0
80846,1314655,44040.0
80858,1414382,38303.0
80860,1055292,38408.0
80862,1584016,42296.0
80864,1182350,38031.0
80880,1423995,44113.0
80906,1645089,44639.0
80917,1470827,43933.0
80969,1334260,42188.0
81018,775489,41201.0
81087,886539,16344.0
81132,1612774,45649.0
81156,1116184,16290.0
81158,1559549,39312.0
81191,1566648,39440.0
81229,1245526,39514.0
81257,1340107,44716.0
81383,1465487,41211.0
81417,1536044,41436.0
81456,1600524,51241.0
81512,1212419,44603.0
81520,1156466,38234.0
81535,1477076,41439.0
81537,1231583,41733.0
81562,1542344,44115.0
81564,1001526,38055.0
81591,947798,44214.0
81681,41497,41058.0
81782,477080,44048.0
81784,1126618,38357.0
81786,1020773,48303.0
81788,1458175,43539.0
81791,1421051,39210.0
81819,1164999,45958.0
81831,1467273,36940.0
81834,926084,12444.0
81845,1504320,45269.0
81847,398286,38757.0
81910,1326733,41999.0
81932,964517,45317.0
81949,1403988,41556.0
82041,1316536,46420.0
82053,1194417,45324.0
82088,1611211,47979.0
82093,1213648,48838.0
82095,1564585,42684.0
82152,1152398,38117.0
82167,758752,43347.0
82169,980970,10140.0
82202,1243957,37710.0
82242,1401143,48395.0
82366,1270835,43919.0
82378,1175709,46503.0
82459,1403865,44264.0
82461,1104001,20526.0
82499,1341188,42888.0
82527,1423894,46829.0
82534,1172991,44129.0
82641,61597,54178.0
82667,1588170,49797.0
82684,1488163,46788.0
82744,1433108,41283.0
82765,1319718,35138.0
82767,935075,27585.0
82848,11541,23282.0
82852,970866,39451.0
82854,1320261,38745.0
82857,1517252,50071.0
83086,1126591,42297.0
83132,1568921,51739.0
83134,1465522,46838.0
83177,1302067,41515.0
83270,1371155,46138.0
83349,990407,40805.0
83369,1023114,49009.0
83374,1032751,46528.0
83480,479997,23047.0
83601,1426352,43950.0
83613,409847,49849.0
83796,1217637,14556.0
83803,1620446,40619.0
83827,1391092,52013.0
83910,1578275,44564.0
83969,32410,43810.0
83976,1740047,63578.0
84152,1219289,51876.0
84156,1683876,89704.0
84187,860906,22843.0
84189,1242432,43947.0
84240,1422032,53596.0
84246,39502,52844.0
84273,1781069,54293.0
84374,1411238,41630.0
84392,1189340,50348.0
84414,1699114,56590.0
84512,21910,120843.0
84523,63186,39029.0
84553,50832,148432.0
84601,1401152,48138.0
84615,1477837,52067.0
84637,377981,45772.0
84696,1320239,50204.0
84716,1499666,18438.0
84772,1092026,39513.0
84799,69738,37618.0
84844,238883,20993.0
84847,1366312,183894.0
84942,1502404,47327.0
84944,1192628,44896.0
84950,810922,50725.0
84952,1590089,54186.0
84954,1385826,38050.0
85020,472399,27582.0
85022,480687,48988.0
85025,1034389,49494.0
85056,1464540,46529.0
85131,1217613,44943.0
85179,1474276,28874.0
85213,1510938,56831.0
85259,61199,36540.0
85261,1305591,50321.0
85295,1618435,47533.0
85316,72410,72185.0
85334,93146,26011.0
85342,1555149,47931.0
85354,411272,15362.0
85367,1564367,50546.0
85394,1664894,59490.0
85397,1486185,49730.0
85399,1464174,38322.0
85401,1512235,45132.0
85412,1740707,46146.0
85414,945513,45612.0
85438,1229822,38684.0
85510,978764,23629.0
85565,1487118,58232.0
85736,1334585,13413.0
85774,1424432,58496.0
85780,1701991,110639.0
85788,1591095,49018.0
85796,1640459,49010.0
85881,1606392,55725.0
85885,1263750,48650.0
86000,1560139,39356.0
86014,1650043,60307.0
86028,1220888,53172.0
86059,1411704,50359.0
86066,820096,64484.0
86068,450827,75725.0
86142,1436045,58857.0
86190,993842,50456.0
86237,78588,367647.0
86279,1194612,54527.0
86286,94939,23521.0
86290,1179947,46105.0
86293,1334512,49012.0
86295,1262416,41446.0
86298,1436562,46195.0
86320,1527186,62215.0
86332,800369,10195.0
86345,1421373,45523.0
86347,1190722,30969.0
86355,480239,56780.0
86377,927619,24447.0
86487,1492030,202241.0
86504,405455,167966.0
86548,1067583,55787.0
86593,1223236,57586.0
86628,1416801,51209.0
86644,1596343,51497.0
86668,1347439,241620.0
86721,1013607,42521.0
86781,1255953,46738.0
86815,1596346,43959.0
86817,491152,49022.0
86833,1478338,55721.0
86835,822847,38321.0
86864,55198,39410.0
86880,1298650,1865.0
86882,1605783,59436.0
86892,1527788,51608.0
86898,478304,8967.0
86911,1411697,45243.0
86922,1528313,52077.0
86960,1176724,21469.0
87028,1265990,49950.0
87192,1478964,59678.0
87194,1441912,59468.0
87197,1533117,51533.0
87222,1302011,49444.0
87232,1270798,49538.0
87234,1440292,49020.0
87287,1307861,70862.0
87298,1531663,45658.0
87304,1532503,55347.0
87306,1650062,37686.0
87413,115658,19963.0
87430,1133985,44912.0
87444,1340773,56272.0
87483,1396218,58224.0
87485,1284575,52449.0
87520,1399103,38356.0
87522,1583420,59861.0
87529,1240982,38319.0
87660,1742683,65034.0
87785,1135084,22907.0
87834,312941,73884.0
87867,1222817,38317.0
87869,1499658,51540.0
87876,1216475,49013.0
87960,1253565,24792.0
88069,1934231,67109.0
88094,1764726,64780.0
88108,1067774,59860.0
88125,1201607,12445.0
88129,780504,64690.0
88140,458339,1771.0
88163,1570728,50646.0
88179,1563738,51828.0
88235,1540133,67913.0
88267,1449283,51162.0
88272,1714208,65599.0
88327,69518,28039.0
88345,323250,13931.0
88356,472181,41513.0
88405,1632708,50544.0
88448,1360822,50004.0
88515,1297919,55846.0
88593,1230385,57361.0
88672,1637706,59968.0
88697,120240,209802.0
88699,1500491,51620.0
88744,1318514,61791.0
88746,1687281,51993.0
88785,1488555,49520.0
88810,1454029,50014.0
88812,1622547,62206.0
88911,1455151,39413.0
88932,1622979,55779.0
88954,1268799,55465.0
89028,1270761,46261.0
89030,1438176,58151.0
89039,1549572,55420.0
89047,1403177,44835.0
89072,1464580,52015.0
89085,1226753,48289.0
89087,1657507,62835.0
89090,1621444,55244.0
89118,1189073,63311.0
89190,816462,37430.0
89208,1104006,16335.0
89281,1316037,40016.0
89305,1716772,69798.0
89343,873886,48572.0
89386,1417592,72744.0
89388,1742650,70868.0
89427,1633356,65055.0
89470,1598778,39538.0
89492,1210166,60308.0
89580,1560970,55785.0
89582,1632547,68341.0
89586,1825918,71689.0
89678,844794,18093.0
89745,848228,24428.0
89753,1340800,49517.0
89759,1832382,60243.0
89761,1571222,48231.0
89774,1291584,59440.0
89804,1124035,10316.0
89837,1788391,74725.0
89840,1448755,49021.0
89862,1242599,58699.0
89864,1306980,40807.0
89898,459748,63375.0
89904,1655442,74643.0
89939,41414,123723.0
89945,1520494,59852.0
90057,1675192,64720.0
90243,58652,58878.0
90245,86907,37239.0
90249,433035,39254.0
90343,1068242,68817.0
90345,905372,60935.0
90353,1533013,59437.0
90357,1204340,76543.0
90374,1441326,50837.0
90376,1242460,71859.0
90384,497329,10005.0
90403,1509767,52451.0
90405,1637688,49530.0
90428,466893,44754.0
90430,1692486,72113.0
90439,1615147,50839.0
90469,1778304,72571.0
90471,1582248,72432.0
90522,1634122,58233.0
90524,1600195,59965.0
90528,1440345,53487.0
90531,1723811,76025.0
90576,770703,63492.0
90600,1614989,70670.0
90603,1672723,69735.0
90630,1784538,77801.0
90647,448694,58423.0
90717,471042,59108.0
90719,1616195,88794.0
90738,1646980,73499.0
90746,983193,17578.0
90769,1510934,40658.0
90809,1847731,65229.0
90863,1113829,75964.0
90866,970179,44826.0
90888,1253864,37958.0
90890,810913,71880.0
90943,1972663,77365.0
90945,685628,94174.0
91077,1033575,65057.0
91079,1758692,60420.0
91094,1204342,64328.0
91104,1324999,50619.0
91126,1568911,57212.0
91128,376136,23514.0
91233,945571,13060.0
91261,1239426,38336.0
91266,1071358,15157.0
91273,1181795,30618.0
91323,1366344,57431.0
91325,477302,64685.0
91337,1124388,45708.0
91353,109162,9369.0
91355,371552,9642.0
91386,1402488,65759.0
91414,1430607,51052.0
91470,1634136,91550.0
91483,1308729,70074.0
91485,1764651,76163.0
91488,84701,13396.0
91500,1392170,70160.0
91529,1345836,49026.0
91535,1194173,49040.0
91542,1515091,58574.0
91571,1372686,101173.0
91622,1625346,57157.0
91628,1598822,62838.0
91630,1229238,56292.0
91653,1389137,74465.0
91658,1568346,65754.0
91660,1093357,71469.0
91666,42665,16939.0
91671,1615918,55301.0
91688,1251743,51995.0
91690,1720616,80038.0
91784,1682246,59006.0
91842,1524137,77866.0
91860,83318,269963.0
91869,1787660,75301.0
91873,1710396,63574.0
91890,1007029,71688.0
91935,1541149,72842.0
91947,1336006,79896.0
91974,1496025,52520.0
91976,1601913,75174.0
91978,1568338,49527.0
91981,1726738,55741.0
92008,1506999,70435.0
92046,780002,31337.0
92048,896872,65760.0
92094,995036,15044.0
92192,1772240,50357.0
92198,1214962,74998.0
92234,485985,72431.0
92243,1410063,76758.0
92259,1675434,77338.0
92264,1598828,54054.0
92309,1594562,58428.0
92348,64714,58704.0
92391,1703199,50698.0
92420,1706593,76726.0
92422,1596365,65086.0
92427,1802810,80125.0
92439,1645080,64678.0
92475,1955162,192695.0
92494,439553,13976.0
92507,1599348,59961.0
92509,1606389,72570.0
92535,2112999,80379.0
92637,203612,54146.0
92643,2011971,78480.0
92665,1996264,84200.0
92674,1509130,73700.0
92681,1397514,72545.0
92694,1439572,51999.0
92730,249131,64029.0
92760,57859,37464.0
92938,1071875,71676.0
92954,1073510,21634.0
93006,2033193,54507.0
93008,2040264,59017.0
93022,1129427,51875.0
93040,98769,26397.0
93114,56171,59045.0
93134,1805297,57243.0
93139,1705773,52454.0
93193,1530983,45569.0
93208,100409,25831.0
93242,1838544,79548.0
93270,1636826,57214.0
93272,1482459,73723.0
93287,1053810,73937.0
93297,1591479,75674.0
93320,383678,38674.0
93326,1596350,59962.0
93363,401729,49529.0
93443,1456635,74387.0
93502,1535970,63493.0
93510,1232829,64688.0
93512,1588334,82532.0
93563,1592525,81796.0
93598,1680114,67748.0
93610,1477109,61984.0
93721,1772925,80767.0
93723,1667307,82533.0
93740,1441952,81025.0
93766,1646987,57165.0
93790,1683526,74308.0
93805,1034314,10679.0
93819,1610996,74777.0
93831,1605630,71552.0
93838,1899353,94329.0
93840,1259521,22970.0
93855,1912398,74306.0
93980,383010,76489.0
93982,1486192,70436.0
93988,417349,147269.0
94011,1307873,54271.0
94015,1667353,62764.0
94018,1440129,44833.0
94070,1412386,74534.0
94122,1605782,91356.0
94130,1682181,84404.0
94150,1435513,75802.0
94160,1401113,31967.0
94262,52587,37467.0
94266,1195478,72207.0
94323,1621045,67660.0
94325,1327194,77877.0
94405,1656190,72387.0
94478,1077368,62213.0
94494,1641385,89326.0
94503,1657299,40161.0
94661,1434447,26815.0
94677,1645170,76493.0
94735,490048,28500.0
94777,1409024,41154.0
94780,1735898,58595.0
94799,1748207,86812.0
94810,1298554,77561.0
94833,1430626,72197.0
94864,1446714,70981.0
94867,2040560,111440.0
94896,1704573,92591.0
94919,1196340,12645.0
94931,1592281,86555.0
94953,1655460,50647.0
94959,1748122,83666.0
94985,1567609,80389.0
95004,934706,13640.0
95067,763831,72358.0
95088,1862079,84332.0
95105,1277953,80321.0
95135,1742336,84355.0
95145,142251,39144.0
95147,142249,39145.0
95149,1398941,22855.0
95163,142248,116776.0
95165,142240,39100.0
95167,1217209,62177.0
95170,118692,13313.0
95175,1292594,63193.0
95182,142233,39101.0
95193,143808,13761.0
95199,1586265,76494.0
95201,1859650,81836.0
95207,1611224,72331.0
95218,2008513,89874.0
95307,1336608,80585.0
95309,1307068,88005.0
95311,1245104,13042.0
95313,455565,13932.0
95377,479113,13933.0
95441,1637725,72105.0
95449,1915581,77930.0
95473,142237,39103.0
95475,1125254,24752.0
95497,142241,39104.0
95499,142242,34433.0
95508,1598873,95516.0
95510,948470,1930.0
95519,142238,39105.0
95543,1667889,57800.0
95558,2125435,84175.0
95583,1615065,82525.0
95624,1313113,31218.0
95633,1078933,40770.0
95654,131409,13929.0
95690,1568341,80468.0
95717,1820723,83191.0
95720,1298649,80035.0
95738,283851,193976.0
95744,1602472,84165.0
95761,1726669,73567.0
95771,285036,44251.0
95780,142234,39106.0
95796,1137996,14863.0
95839,216621,16716.0
95843,58154,52906.0
95858,248808,13930.0
95873,1839492,103332.0
95875,1386703,64635.0
95939,1924394,103747.0
95949,1630637,56909.0
95965,142245,39323.0
96004,142247,39324.0
96007,142232,18095.0
96020,1235841,76696.0
96079,1074638,37724.0
96084,57286,58383.0
96110,1790886,77953.0
96114,1990181,85414.0
96121,1535438,82696.0
96150,2125666,84327.0
96281,1623288,77174.0
96283,2023453,82650.0
96373,1441940,109584.0
96411,2076781,76360.0
96417,1547234,49526.0
96430,1462769,71864.0
96432,1212450,82633.0
96448,1714203,71668.0
96471,106104,202043.0
96488,2125608,84334.0
96518,365651,263947.0
96520,114182,215999.0
96530,1619277,83403.0
96563,2028530,83660.0
96567,1840417,83686.0
96588,1981677,114150.0
96606,770802,89708.0
96608,114308,67166.0
96610,1276104,59967.0
96616,1232200,87428.0
96655,1990314,84329.0
96691,1855325,71679.0
96726,1710417,100529.0
96728,1560747,68722.0
96737,1343727,49049.0
96811,1855199,77016.0
96815,2105044,84348.0
96821,1659337,84892.0
96829,2106476,103663.0
96832,2076220,103328.0
96861,1397280,82675.0
96917,1582507,82505.0
96935,319901,45397.0
96945,1638328,85735.0
96964,1658837,86597.0
96975,1592873,80271.0
97024,2053425,97365.0
97168,1183919,90125.0
97172,1142977,62214.0
97188,1922777,82507.0
97194,376921,92171.0
97225,837562,76492.0
97230,2014338,110354.0
97285,54325,71723.0
97304,1024648,68734.0
97306,1931533,86838.0
97328,1872818,84306.0
97470,1886493,75736.0
97643,1649444,80280.0
97665,1597522,99770.0
97701,2109184,82990.0
97742,1712170,94348.0
97752,1371111,83542.0
97757,424755,72867.0
97785,938330,61012.0
97836,1648179,87826.0
97858,1655416,126797.0
97860,1764234,64689.0
97866,1966604,84287.0
97870,1866249,113947.0
97904,2063781,84341.0
97913,1772341,82690.0
97921,1045658,82693.0
97923,1907668,87502.0
97936,1781769,96724.0
97938,454876,87827.0
97950,1258972,97430.0
97988,1713476,123105.0
98061,1900893,98631.0
98083,1753968,65851.0
98122,1942884,80215.0
98124,2313197,123025.0
98154,443272,72976.0
98160,1493157,135708.0
98175,1545106,73935.0
98203,1673434,50620.0
98230,1715873,58547.0
98239,1234719,60747.0
98243,1446192,81188.0
98279,2006040,101519.0
98296,1667310,97614.0
98361,1531901,102780.0
98491,2388725,140420.0
98499,79315,19274.0
98503,80623,18867.0
98585,975645,112336.0
98604,1798188,83389.0
98607,1483797,71883.0
98623,86605,25539.0
98633,89177,10044.0
98697,66798,34280.0
98799,1979172,110392.0
98809,903624,49051.0
98836,1477855,87504.0
98908,1241017,40722.0
98961,1790885,97630.0
99005,1925431,139567.0
99007,1588173,82654.0
99030,1901040,83186.0
99087,1540128,77875.0
99106,1694020,82687.0
99112,790724,75780.0
99114,1853728,68718.0
99117,1758830,89492.0
99122,97550,41153.0
99130,113376,44470.0
99145,1649419,80278.0
99149,1707386,82695.0
99191,115813,16315.0
99415,1047540,88042.0
99437,1783732,75761.0
99532,230534,193380.0
99574,2091473,133694.0
99636,2181931,118628.0
99638,1244666,38010.0
99721,1572315,76617.0
99728,1321870,82682.0
99750,1491044,68812.0
99764,2396224,147538.0
99813,2166834,142061.0
99846,2366308,135921.0
99853,1762248,105538.0
99910,1549920,76640.0
99917,2084989,145197.0
99992,1770734,84336.0
100044,1806234,69372.0
100068,1911553,85872.0
100083,1333125,87818.0
100106,2152198,128190.0
100159,2023690,117974.0
100163,1428538,60304.0
100194,2274356,146837.0
100226,1853643,118677.0
100277,2153963,93858.0
100302,1374992,58244.0
100304,2081437,162145.0
100306,165623,18912.0
100326,1389096,121824.0
100383,2053463,109421.0
100390,2024432,109431.0
100397,1935896,87436.0
100487,1559547,109491.0
100498,1606378,47964.0
100507,1711425,107811.0
100527,1702439,112949.0
100553,2092588,134481.0
100556,2375605,123678.0
100579,1659343,122857.0
100611,765446,68179.0
100714,2209418,132344.0
100737,882977,134411.0
100810,2387433,145135.0
100843,1954701,130739.0
100882,2017561,170657.0
100906,100107,28090.0
101025,1351685,81005.0
101070,2258858,129112.0
101072,1663636,59255.0
101074,51850,43650.0
101076,1583421,72559.0
101088,1682180,86825.0
101112,1623205,68728.0
101142,481499,49519.0
101283,790628,124459.0
101360,1911644,158011.0
101362,2302755,117263.0
101415,1763303,84199.0
101423,427531,55892.0
101525,1817273,97367.0
101529,1935902,127867.0
101531,1745862,173153.0
101577,1517260,72710.0
101612,1814621,144340.0
101739,1288558,109428.0
101741,1924429,68727.0
101765,1986843,133698.0
101864,1483013,75612.0
101884,1507563,59963.0
101895,453562,109410.0
101962,2140203,110420.0
101973,1433811,127517.0
102007,903135,13647.0
102025,61549,42699.0
102033,1980209,134374.0
102058,1325753,15257.0
102066,1977895,121606.0
102070,1525366,84204.0
102084,2027128,76589.0
102088,1462900,44865.0
102123,1245492,109414.0
102125,1300854,68721.0
102165,2055765,174321.0
102194,1935179,103731.0
102217,152183,25117.0
102278,1551630,165739.0
102338,75202,45736.0
102378,762138,72525.0
102407,1343092,64682.0
102445,1408101,54138.0
102481,2234155,116741.0
102590,462246,16150.0
102602,76391,27861.0
102666,70233,20803.0
102684,1602613,77987.0
102686,1951261,109439.0
102716,1905041,82992.0
102720,848537,116711.0
102735,78937,197467.0
102742,389448,86282.0
102747,7264,2077.0
102749,78938,197481.0
102760,1489167,42151.0
102800,2347569,121986.0
102802,1731697,104755.0
102819,1291580,119675.0
102823,262240,130824.0
102852,1091863,86843.0
102880,1815862,82700.0
102903,1670345,75656.0
102984,1857842,133463.0
102993,1727388,147773.0
103027,2094064,91739.0
103042,770828,49521.0
103048,2179116,156700.0
103075,2184339,158015.0
103085,1879032,174188.0
103107,2396566,159014.0
103137,2132285,96936.0
103141,1453405,62211.0
103171,1978524,160085.0
103210,1776196,80518.0
103219,2103217,103620.0
103221,1935065,120292.0
103228,1663662,68726.0
103233,2465238,177271.0
103235,1924396,152742.0
103245,391728,53928.0
103249,816711,72190.0
103253,1535108,68724.0
103335,1690953,93456.0
103339,2334879,117251.0
103341,1213663,107985.0
103366,1893256,136418.0
103372,2404463,136795.0
103384,1210819,57201.0
103449,1829012,109099.0
103483,2450186,159117.0
103502,1877797,136386.0
103539,1714206,157386.0
103543,2265534,157375.0
103596,2724064,205321.0
103602,2523852,178946.0
103606,2205697,111969.0
103609,103978,30963.0
103624,2334649,157354.0
103655,790736,49524.0
103685,2375574,179111.0
103688,1457767,138843.0
103755,1860353,77950.0
103772,1430132,76170.0
103801,2265398,172533.0
103810,1821694,146216.0
103819,2234025,198062.0
103865,2053423,192126.0
103883,1272878,136400.0
103980,2334873,160588.0
103984,2358891,179144.0
104017,181947,58447.0
104069,2510998,185574.0
104074,1854564,76285.0
104076,2017020,77931.0
104078,469021,177699.0
104129,2016940,76544.0
104141,346578,21683.0
104211,1723121,138832.0
104218,2191701,109418.0
104241,1650554,59859.0
104243,1411250,87421.0
104245,1691917,151960.0
104272,2545118,158999.0
104283,2013293,149870.0
104303,2357129,115782.0
104337,1327773,132363.0
104339,2294677,157360.0
104374,2194499,122906.0
104419,1494772,30061.0
104457,1853739,83899.0
104644,2546038,147129.0
104760,2167202,146227.0
104780,211653,49802.0
104837,93820,17282.0
104841,1454468,49047.0
104863,1486834,212716.0
104875,2245195,115199.0
104879,1392214,146233.0
104906,1985019,156711.0
104908,2226417,91586.0
104913,1979320,96721.0
104925,2404311,112205.0
104944,2370248,169813.0
105020,97081,102059.0
105037,1758795,129139.0
105121,1844203,121676.0
105197,1821549,129670.0
105211,2390361,209263.0
105213,2229499,138697.0
105246,2027140,157820.0
105250,432232,51452.0
105254,2332579,157409.0
105325,2274570,172828.0
105351,2364841,146238.0
105355,2278871,152584.0
105468,1985966,109451.0
105504,1535109,109424.0
105540,166960,51985.0
105585,2002718,106747.0
105593,1450321,85889.0
105653,1211956,107846.0
105720,62457,55370.0
105731,1939659,133805.0
105746,2708946,173495.0
105755,2193215,109091.0
105801,2187884,158752.0
105835,1825157,146015.0
105844,2024544,76203.0
105954,2017038,152747.0
106002,1731141,80274.0
106062,3063516,208134.0
106072,1981115,76338.0
106100,790636,152532.0
106144,2304426,194101.0
106330,1204975,137093.0
106438,2431286,205220.0
106441,816442,203833.0
106487,1951264,101299.0
106489,1170358,57158.0
106491,1335975,64686.0
106540,2387559,146239.0
106542,1196948,41602.0
106594,2147048,137312.0
106642,2779318,253941.0
106648,1743724,80662.0
106696,2294629,109445.0
106766,2042568,86829.0
106782,993846,106646.0
106785,2312718,204082.0
106839,2304771,192136.0
106873,860907,75629.0
106883,1462901,174311.0
