salesorderid,orderqty,salesorderdetailid,unitprice,specialofferid,modifieddate,rowguid,productid,unitpricediscount
43659,1,1,2024.994,1,2011-05-31 00:00:00,b207c96d-d9e6-402b-8470-2cc176c42283,776,0
43659,3,2,2024.994,1,2011-05-31 00:00:00,7abb600d-1e77-41be-9fe5-b9142cfc08fa,777,0
43659,1,3,2024.994,1,2011-05-31 00:00:00,475cf8c6-49f6-486e-b0ad-afc6a50cdd2f,778,0
43659,1,4,2039.994,1,2011-05-31 00:00:00,04c4de91-5815-45d6-8670-f462719fbce3,771,0
43659,1,5,2039.994,1,2011-05-31 00:00:00,5a74c7d2-e641-438e-a7ac-37bf23280301,772,0
43659,2,6,2039.994,1,2011-05-31 00:00:00,ce472532-a4c0-45ba-816e-eefd3fd848b3,773,0
43659,1,7,2039.994,1,2011-05-31 00:00:00,80667840-f962-4ee3-96e0-aeca108e0d4f,774,0
43659,3,8,28.8404,1,2011-05-31 00:00:00,e9d54907-e7b7-4969-80d9-76ba69f8a836,714,0
43659,1,9,28.8404,1,2011-05-31 00:00:00,aa542630-bdcd-4ce5-89a0-c1bf82747725,716,0
43659,6,10,5.7,1,2011-05-31 00:00:00,ac769034-3c2f-495c-a5a7-3b71cdb25d4e,709,0
43659,2,11,5.1865,1,2011-05-31 00:00:00,06a66921-6b9f-4199-a912-ddafd383472b,712,0
43659,4,12,20.1865,1,2011-05-31 00:00:00,0e371ee3-253e-4bb0-b813-83cf4224f972,711,0
43660,1,13,419.4589,1,2011-05-31 00:00:00,419a1302-ac7a-4044-97b2-66d9d14cd02e,762,0
43660,1,14,874.794,1,2011-05-31 00:00:00,5d0b2b03-1d4c-4c34-9696-c14c58e7301c,758,0
43661,1,15,809.76,1,2011-05-31 00:00:00,ede1759e-6733-4c7b-a43f-dc6f48002d8a,745,0
43661,1,16,714.7043,1,2011-05-31 00:00:00,fe10bf09-d477-485b-9541-27ae8053a6d4,743,0
43661,2,17,714.7043,1,2011-05-31 00:00:00,b136852e-24c9-4006-8048-b14aefe6c337,747,0
43661,4,18,5.1865,1,2011-05-31 00:00:00,f0f410b6-bc93-4d77-b70d-e4e2465d98ee,712,0
43661,4,19,28.8404,1,2011-05-31 00:00:00,ae4cda7d-9b6e-4abb-a391-e9e9ddb10125,715,0
43661,2,20,722.5949,1,2011-05-31 00:00:00,054a9d3b-a178-4656-b2b0-9b9bddf1c345,742,0
43661,3,21,2024.994,1,2011-05-31 00:00:00,8c342a15-8576-4581-aac9-7ba3bbd8fd8b,775,0
43661,2,22,2024.994,1,2011-05-31 00:00:00,,,
45039,2,5176,419.4589,1,2011-12-01 00:00:00,924e07d8-7dcc-480c-a461-50b411fd9621,760,0
45039,1,5177,419.4589,1,2011-12-01 00:00:00,e97bc0ee-ce62-40b8-a99c-c39ded7e1b4b,768,0
45039,4,5178,419.4589,1,2011-12-01 00:00:00,d3b495db-b7b9-4731-a9d7-4dd3ce57b370,770,0
45039,2,5179,183.9382,1,2011-12-01 00:00:00,db40d668-c981-4e83-84de-81723d1fcb00,730,0
45039,3,5180,874.794,1,2011-12-01 00:00:00,be2e4d9f-5238-487f-9c62-a82997080f2a,755,0
45039,5,5181,874.794,1,2011-12-01 00:00:00,c8a1c4d3-0e50-4448-9f75-1818fa3d0653,756,0
45039,2,5182,178.5808,1,2011-12-01 00:00:00,b5d0c29b-812d-4524-8c06-88e641e5c43c,738,0
45039,4,5183,419.4589,1,2011-12-01 00:00:00,e7d1d6c4-901e-43b9-bbc9-6b84ebe5231e,761,0
45039,2,5184,419.4589,1,2011-12-01 00:00:00,75c6f5de-aa86-4c97-a28f-3c1da774b39a,765,0
45039,1,5185,419.4589,1,2011-12-01 00:00:00,47bc9e4c-19b3-4d33-acd6-07a3573e8e69,764,0
45040,1,5186,419.4589,1,2011-12-01 00:00:00,fc089d33-a7e5-4ad3-bd15-1ef829a8f8ea,770,0
45041,1,5187,419.4589,1,2011-12-01 00:00:00,12337b42-1e71-4c5b-ac08-0ca4a6ac074b,765,0
45042,2,5188,2039.994,1,2011-12-01 00:00:00,a3d6deb0-dcca-4a26-a832-e68d5234dfc6,773,0
45042,4,5189,2039.994,1,2011-12-01 00:00:00,b54cddfd-e1e9-4409-ae6d-6bb1d855a7c1,771,0
45042,3,5190,2024.994,1,2011-12-01 00:00:00,5619c584-4102-4924-80d1-af0ba481408a,776,0
45042,2,5191,2039.994,1,2011-12-01 00:00:00,af386471-2d22-421d-bfaa-6170628a4e19,774,0
45042,5,5192,2024.994,1,2011-12-01 00:00:00,0edf8bf6-0fe2-4d8a-a484-b85f88e0a490,777,0
45042,5,5193,5.7,1,2011-12-01 00:00:00,d89a0542-f1ff-4d7a-ab26-d55e094698f0,709,0
45042,4,5194,2024.994,1,2011-12-01 00:00:00,565af1f2-8fff-4ab0-bfa0-bd14a732fb8d,775,0
45043,4,5195,2024.994,1,2011-12-01 00:00:00,69dcda79-b9c9-4b39-ac31-7f731e4d5834,776,0
45043,2,5196,2024.994,1,2011-12-01 00:00:00,02a0c9f3-d09b-4eef-8cd6-9f430857cf59,778,0
45043,6,5197,2039.994,1,2011-12-01 00:00:00,0df18ff1-303a-4dc3-b60d-0427cf6e5623,773,0
45043,2,5198,2024.994,1,2011-12-01 00:00:00,8cd6202b-e220-4c9d-b15a-2f3849a8eea7,777,0
45043,1,5199,5.1865,1,2011-12-01 00:00:00,a57e5ce0-d2ac-42cc-a736-f1f1c76125d7,712,0
45043,4,5200,5.7,1,2011-12-01 00:00:00,5c817b56-ea0a-473c-92f2-4883d544dd6f,709,0
45043,1,5201,28.8404,1,2011-12-01 00:00:00,2f0de7c0-1e6a-40be-9b37-6f1e57d38813,715,0
45043,2,5202,2039.994,1,2011-12-01 00:00:00,43168124-d557-4990-b004-d5637f8a3837,771,0
45044,1,5203,419.4589,1,2011-12-01 00:00:00,3f973aa9-a0dc-481e-ac92-6c82d9b183f5,764,0
45044,2,5204,178.5808,1,2011-12-01 00:00:00,df1a3b72-c8ec-40e5-ade0-0659431e78bf,738,0
45044,2,5205,419.4589,1,2011-12-01 00:00:00,039092ae-a4c1-4998-9f35-1614104b5592,766,0
45044,1,5206,2146.962,1,2011-12-01 00:00:00,4c3518d3-96f3-4d52-82d0-1a262759d908,753,0
45044,1,5207,874.794,1,2011-12-01 00:00:00,07e00fdf-59af-47d4-b22a-ce38036dcdcd,756,0
45044,1,5208,419.4589,1,2011-12-01 00:00:00,87ec0296-89da-460f-ab73-45e42b32e1a1,768,0
45045,2,5209,5.7,1,2011-12-01 00:00:00,c12b7504-c074-4422-a934-1fe2b7aa3b25,709,0
45045,1,5210,2024.994,1,2011-12-01 00:00:00,f94b03d1-b03f-4383-ace2-387591ab9737,778,0
45045,1,5211,2039.994,1,2011-12-01 00:00:00,832ab7d4-71a9-42df-b357-a6d723b95ebd,771,0
45045,1,5212,2039.994,1,2011-12-01 00:00:00,3b536767-fa3b-414e-8408-08623de2c907,774,0
45045,3,5213,2039.994,1,2011-12-01 00:00:00,64b43d30-c86c-487b-a13e-a45710d69579,773,0
45045,1,5214,2024.994,1,2011-12-01 00:00:00,59c54f15-0557-4622-b039-eb9168c94446,776,0
45046,1,5215,419.4589,1,2011-12-01 00:00:00,000ce83d-09b2-4673-add5-adc5f83336f9,770,0
45046,1,5216,419.4589,1,2011-12-01 00:00:00,edc1c629-c7e0-4ef8-a615-f2efa21193aa,762,0
45047,2,5217,874.794,1,2011-12-01 00:00:00,867f64ce-86b5-4cb5-b559-c64bcbd8d9c7,756,0
45047,1,5218,2146.962,1,2011-12-01 00:00:00,996c5062-b0d7-4d66-99e0-65cf590a6913,749,0
45047,5,5219,356.898,1,2011-12-01 00:00:00,ef47474c-16b1-42e2-8900-69fdee811cac,732,0
45047,3,5220,874.794,1,2011-12-01 00:00:00,79f9a4ae-8498-48a6-836b-c70abffaea84,755,0
45047,3,5221,419.4589,1,2011-12-01 00:00:00,da1da09e-7905-4370-87e3-a5f08fcbff6d,766,0
45047,5,5222,419.4589,1,2011-12-01 00:00:00,2c8b0261-c07f-40ba-afa9-c0bf6a0a3f01,768,0
45047,1,5223,178.5808,1,2011-12-01 00:00:00,65518c76-3cdc-4369-9587-8227e99ccabc,738,0
45047,14,5224,405.477,2,2011-12-01 00:00:00,fd648972-3ff9-420d-a93f-065e3240a42b,770,0.02
45047,2,5225,28.8404,1,2011-12-01 00:00:00,166e9ea2-52b1-49f0-8036-9f3a48aebf77,714,0
45047,2,5226,874.794,1,2011-12-01 00:00:00,097b39f4-72dd-465b-a3fa-68c99c302595,754,0
45047,8,5227,419.4589,1,2011-12-01 00:00:00,d3cd19ec-3979-446b-8eb5-33bc8547b113,762,0
45047,2,5228,28.8404,1,2011-12-01 00:00:00,64cf4bd0-21a8-42fa-9843-dc25800af534,716,0
45047,6,5229,874.794,1,2011-12-01 00:00:00,296a2991-b238-458d-818d-36ac2ab1ff6c,758,0
45047,8,5230,419.4589,1,2011-12-01 00:00:00,37723194-9307-47fa-8060-7e41e33f40bf,765,0
45047,1,5231,183.9382,1,2011-12-01 00:00:00,c3f29807-c971-46b2-90a2-beb7d8f1bf77,725,0
45047,3,5232,20.1865,1,2011-12-01 00:00:00,425e2933-854e-4f85-95ec-515295501a91,707,0
45047,4,5233,419.4589,1,2011-12-01 00:00:00,5587d6e6-a42e-4858-9d76-f18bf6448cbf,760,0
45047,1,5234,20.1865,1,2011-12-01 00:00:00,c101181b-3f25-49d6-96de-169042ed4576,708,0
45047,3,5235,20.1865,1,2011-12-01 00:00:00,b5cc9882-91c5-444e-a223-3d9c32c3cfbe,711,0
45047,1,5236,28.8404,1,2011-12-01 00:00:00,0d2c9dc2-1d06-47b6-9c92-7886141d8f61,715,0
45047,2,5237,2146.962,1,2011-12-01 00:00:00,d320d7a2-6b03-4b14-94c3-36e8ae94918e,753,0
45047,1,5238,183.9382,1,2011-12-01 00:00:00,2f79cd60-db6b-45be-ac56-ee9b77583343,730,0
45047,2,5239,419.4589,1,2011-12-01 00:00:00,cb364f31-959d-4837-bbc0-fc1198c558ac,763,0
45047,2,5240,183.9382,1,2011-12-01 00:00:00,4b3416e4-e78a-4384-b41b-f801c8548b1b,729,0
45047,1,5241,419.4589,1,2011-12-01 00:00:00,0a8494b4-fc2b-496f-b89d-acd736965f3f,764,0
45047,1,5242,183.9382,1,2011-12-01 00:00:00,7fbfff20-6166-45a1-af39-c6dfad04d337,726,0
45048,1,5243,2039.994,1,2011-12-01 00:00:00,5a8eec76-ce27-43a9-a267-cb5612972402,772,0
45048,1,5244,2024.994,1,2011-12-01 00:00:00,85dce456-7b32-4cd7-9b37-9febde081e80,776,0
45048,1,5245,2039.994,1,2011-12-01 00:00:00,10471473-827c-449e-9f9e-948e0435d05c,774,0
45048,4,5246,5.7,1,2011-12-01 00:00:00,fe2ef734-bbe8-4707-9350-fe2652ac1b13,709,0
45049,1,5247,20.1865,1,2011-12-01 00:00:00,b4c1d74c-0549-4125-967d-e2f06ece089a,708,0
45049,2,5248,183.9382,1,2011-12-01 00:00:00,4106be19-553c-43f4-a7df-0d50d3b0149c,729,0
45049,1,5249,419.4589,1,2011-12-01 00:00:00,394fa9ff-8a81-4cd6-a935-e437bc861ff7,766,0
45049,3,5250,183.9382,1,2011-12-01 00:00:00,49e3a4aa-7641-4225-9ae1-3ff221d50ee8,725,0
45049,1,5251,20.1865,1,2011-12-01 00:00:00,57d7a999-6504-4a84-b01d-d25f374187b3,711,0
45050,1,5252,809.76,1,2011-12-01 00:00:00,14c333d5-9f89-4750-ab15-1bc1c572db59,745,0
45050,2,5253,722.5949,1,2011-12-01 00:00:00,689223c4-a745-4f0d-b87d-acc26c4a17e4,742,0
45050,1,5254,2039.994,1,2011-12-01 00:00:00,1792c26b-8372-4828-af34-653916acf412,771,0
45051,1,5255,419.4589,1,2011-12-01 00:00:00,22639278-305b-4a55-9137-e43067de483a,770,0
45051,2,5256,874.794,1,2011-12-01 00:00:00,3b2d2a2a-468b-4fa4-a672-a65c9a6b8743,758,0
45051,2,5257,419.4589,1,2011-12-01 00:00:00,1e30fbcb-2425-4142-a753-97351e4d1efb,760,0
45052,6,5258,2024.994,1,2011-12-01 00:00:00,89dac04d-059b-4454-99a5-330d62c2f1a2,775,0
45052,2,5259,2039.994,1,2011-12-01 00:00:00,ce9d7697-873b-492d-8e8e-6cac5ef2bdd0,772,0
45052,2,5260,2024.994,1,2011-12-01 00:00:00,9902912d-18b0-4217-8b7f-8a4e7bfcdc2a,778,0
45052,2,5261,2039.994,1,2011-12-01 00:00:00,54a92524-90ae-41b2-8c2e-9ccbf880effb,774,0
45052,2,5262,2024.994,1,2011-12-01 00:00:00,9ee661ac-586f-4e81-b0e8-43886043ffc9,777,0
45053,1,5263,419.4589,1,2011-12-01 00:00:00,c94b471b-f906-4762-b0c0-dd7660ff3812,766,0
45053,2,5264,419.4589,1,2011-12-01 00:00:00,b86b6f2d-83f0-49cc-bbca-1f9fee4284a7,763,0
45053,1,5265,28.8404,1,2011-12-01 00:00:00,13903bb6-2ad0-4212-82af-db9bd0d9d77e,715,0
45053,2,5266,5.1865,1,2011-12-01 00:00:00,e66d29e9-e3f3-4de4-baf8-cb45d302a040,712,0
45053,2,5267,874.794,1,2011-12-01 00:00:00,be0a9913-4c05-405d-85c9-28f2270e8d28,756,0
45053,3,5268,419.4589,1,2011-12-01 00:00:00,37998136-0ca0-4a84-a535-08f89364028e,759,0
45053,1,5269,419.4589,1,2011-12-01 00:00:00,1b0ec238-cacd-431b-833e-ee4b269c443c,764,0
45053,1,5270,874.794,1,2011-12-01 00:00:00,0e29e66d-616d-498d-afee-e717ec8dc625,757,0
45053,5,5271,419.4589,1,2011-12-01 00:00:00,678d15cb-4f57-4757-9eb0-ddde8dc5c93d,770,0
45053,2,5272,2146.962,1,2011-12-01 00:00:00,7b673cb4-a211-463f-bed6-e2621abdb102,750,0
45053,2,5273,874.794,1,2011-12-01 00:00:00,2ea1698a-9e9e-497b-b342-aaadc2cc1b98,754,0
45053,1,5274,419.4589,1,2011-12-01 00:00:00,c13c4d72-e32d-4cc3-ba52-b0c3717ba1de,762,0
45053,2,5275,874.794,1,2011-12-01 00:00:00,e8b70420-40dd-4cc1-b675-eb2b56d5532a,758,0
45053,1,5276,419.4589,1,2011-12-01 00:00:00,26d10127-9b8e-4fa1-9000-e68b49deab17,760,0
45053,1,5277,2146.962,1,2011-12-01 00:00:00,c7179c0d-a55b-4d80-8d1c-67abce225fe8,753,0
45053,1,5278,419.4589,1,2011-12-01 00:00:00,b83ad23d-86c6-4add-9e17-92b7f2022f52,769,0
45053,1,5279,419.4589,1,2011-12-01 00:00:00,49019b99-685e-4c1f-bcc8-4adab57eddef,761,0
45054,3,5280,419.4589,1,2011-12-01 00:00:00,93906412-660a-450d-92e7-b5b4322a6b96,760,0
45054,5,5281,419.4589,1,2011-12-01 00:00:00,f0c9f946-f37f-46ed-a5f1-7f29615a370e,762,0
45054,3,5282,419.4589,1,2011-12-01 00:00:00,90fa786b-b3db-4e71-b790-1bb24b321f31,770,0
45054,5,5283,874.794,1,2011-12-01 00:00:00,a8c174e3-ca32-4849-af14-96d9f20fc234,758,0
45054,1,5284,419.4589,1,2011-12-01 00:00:00,416c6dd2-82c4-409c-8699-57e8b0f7268c,765,0
45054,2,5285,419.4589,1,2011-12-01 00:00:00,428466d5-2716-47ca-906f-1a62ed414b39,763,0
45054,2,5286,874.794,1,2011-12-01 00:00:00,f6c8a09a-ad56-4113-9e72-b5887868d280,754,0
45054,3,5287,419.4589,1,2011-12-01 00:00:00,6611ce92-4574-4119-a137-9f613c11efc9,761,0
45055,2,5288,419.4589,1,2011-12-01 00:00:00,3b90940d-1a0a-4733-a939-c59724e2de70,761,0
45055,1,5289,419.4589,1,2011-12-01 00:00:00,0d89c781-f282-41fc-87d5-9c65221564d6,763,0
45055,2,5290,419.4589,1,2011-12-01 00:00:00,ae341412-8c73-400c-8b0a-f644ca2aab0a,766,0
45055,1,5291,874.794,1,2011-12-01 00:00:00,4a260d4d-59d6-4a27-8acb-90a650182ad6,758,0
45055,1,5292,2146.962,1,2011-12-01 00:00:00,759ed226-6bc9-4e2d-85f8-52db115ed941,750,0
45055,1,5293,419.4589,1,2011-12-01 00:00:00,2d34c08a-6fb2-4ce5-b23f-fdee28e290ab,760,0
45055,2,5294,874.794,1,2011-12-01 00:00:00,49412d74-17a7-4ff8-9834-049959af5ea0,756,0
45055,3,5295,28.8404,1,2011-12-01 00:00:00,0b13e08c-f3d0-4a9c-913b-c30a9422362a,715,0
45055,2,5296,2146.962,1,2011-12-01 00:00:00,f672b1f6-0239-4f2e-ad29-f95baaf79ea3,749,0
45055,1,5297,419.4589,1,2011-12-01 00:00:00,2e6aef01-bc20-42d1-86a3-9565435ed9d8,764,0
45055,1,5298,419.4589,1,2011-12-01 00:00:00,86fb80aa-a2b2-482a-bed3-710efb6f6e9b,767,0
45055,3,5299,419.4589,1,2011-12-01 00:00:00,40178c3f-308b-4442-b066-b3bef4f81507,762,0
45055,1,5300,419.4589,1,2011-12-01 00:00:00,f0f7a644-c785-487e-a828-a73f3ad3a7fa,765,0
45055,1,5301,419.4589,1,2011-12-01 00:00:00,bf47dece-fc54-49a2-ac6a-7556cf02116f,769,0
45055,2,5302,419.4589,1,2011-12-01 00:00:00,21b7e9f6-52eb-47d8-8d99-190ec61c38bc,759,0
45055,2,5303,2146.962,1,2011-12-01 00:00:00,f13fc8ec-e9fd-4f53-9d15-ef3e8cbfcb12,753,0
45055,1,5304,5.1865,1,2011-12-01 00:00:00,4eb6331b-47e7-4518-8cd3-55e0a940f29e,712,0
45056,3,5305,2039.994,1,2011-12-01 00:00:00,224bee5f-7fdb-411c-b0e7-b2c390e33bc7,771,0
45056,3,5306,2024.994,1,2011-12-01 00:00:00,8849e190-abaa-4a23-bca6-0407f0449ced,777,0
45056,3,5307,2039.994,1,2011-12-01 00:00:00,aa757442-cca0-4242-9dc2-d47427735d8b,773,0
45056,2,5308,2024.994,1,2011-12-01 00:00:00,534f16c0-2121-49d6-b707-6de74beb7637,775,0
45056,1,5309,2039.994,1,2011-12-01 00:00:00,703e63bc-72ab-4af6-9756-efdabe2e4772,774,0
45056,2,5310,2039.994,1,2011-12-01 00:00:00,7f22a33f-1792-4d8c-a0c1-c4b212630aea,772,0
45056,2,5311,2024.994,1,2011-12-01 00:00:00,e65e5f61-351f-417d-aa68-cbfe0e9d2316,776,0
45056,8,5312,5.7,1,2011-12-01 00:00:00,fa7f5ad8-2435-4848-bbdc-9b42961c5ac8,709,0
45056,3,5313,2024.994,1,2011-12-01 00:00:00,f01ec52e-e5a4-4ee5-9aae-6271df5b85b7,778,0
45057,1,5314,419.4589,1,2011-12-01 00:00:00,476ea86f-bf80-4c32-a257-613fed96e522,762,0
45057,2,5315,2146.962,1,2011-12-01 00:00:00,00e910c3-e601-421b-ae4a-8108bb2e3c98,752,0
45057,1,5316,419.4589,1,2011-12-01 00:00:00,5c8e89d3-609e-4145-97f7-8679abc5ed89,770,0
45057,1,5317,419.4589,1,2011-12-01 00:00:00,554a32ff-0da4-41a8-b6f1-e3ecc4447aa2,760,0
45057,1,5318,419.4589,1,2011-12-01 00:00:00,a56b4dbb-1e1e-4d84-9ad2-2f7277d1f52e,759,0
45057,2,5319,419.4589,1,2011-12-01 00:00:00,5801a501-13f3-48db-8c6f-fc9fd188a002,765,0
45057,2,5320,419.4589,1,2011-12-01 00:00:00,d54df5ff-94c7-464e-880a-af7a6f02f467,764,0
45057,1,5321,419.4589,1,2011-12-01 00:00:00,d1e574ea-84e5-4312-aa2e-563a4e31c29f,763,0
45057,2,5322,2146.962,1,2011-12-01 00:00:00,72e9e2f5-91c7-4548-98bb-47c13aa3a81f,753,0
45057,2,5323,2146.962,1,2011-12-01 00:00:00,e837d246-c0e6-439b-837c-bfbc6ec90492,749,0
45057,3,5324,5.1865,1,2011-12-01 00:00:00,16a4333a-0ea7-4121-8ca6-ca3ff8237712,712,0
45057,2,5325,419.4589,1,2011-12-01 00:00:00,ecb0fcda-ceac-4c83-840e-174aa8bc83b1,761,0
45057,1,5326,419.4589,1,2011-12-01 00:00:00,7baca865-ddc9-48aa-8ed8-3f9348b3dd84,766,0
45057,1,5327,419.4589,1,2011-12-01 00:00:00,28e3e760-c800-4b8d-9d05-9e6e45f5fb76,768,0
45057,1,5328,874.794,1,2011-12-01 00:00:00,98b0ed36-b335-47ee-8016-70792436d172,755,0
45057,2,5329,874.794,1,2011-12-01 00:00:00,fbc2c770-4f1d-4718-9958-b99087521cac,757,0
45057,3,5330,419.4589,1,2011-12-01 00:00:00,91879fd8-4cd4-4fc5-acde-4f679efcb663,767,0
45058,1,5331,419.4589,1,2011-12-01 00:00:00,2e3b0f8a-1c30-4097-bb1f-13452c5a47ef,770,0
45058,1,5332,419.4589,1,2011-12-01 00:00:00,7a6c2759-5cdf-498c-8ee2-06f36c75b6d7,760,0
45058,2,5333,419.4589,1,2011-12-01 00:00:00,09b0fde3-ccfb-47bd-88d5-221891d43d3a,762,0
45058,2,5334,419.4589,1,2011-12-01 00:00:00,ef7e81a7-d356-4350-9c8a-970e622f5b99,765,0
45058,4,5335,419.4589,1,2011-12-01 00:00:00,142c91e8-706c-47ac-b5cd-5330da609622,763,0
45058,1,5336,419.4589,1,2011-12-01 00:00:00,386a39b4-5e82-4e52-ab29-82ea2f8e85df,761,0
45058,1,5337,874.794,1,2011-12-01 00:00:00,19a781b3-f572-4b45-9551-21d9d49f48f5,758,0
45059,1,5338,419.4589,1,2011-12-01 00:00:00,e586bb8f-abda-4ba5-b02b-53afa6f7ad47,769,0
45059,2,5339,419.4589,1,2011-12-01 00:00:00,532cfae1-ffab-460f-88dc-be88d99ca561,760,0
45059,2,5340,28.8404,1,2011-12-01 00:00:00,9c8a73da-9927-4651-88a1-22f8c95ff85e,715,0
45059,1,5341,2146.962,1,2011-12-01 00:00:00,b64f1a58-9793-48d3-af93-94fbe1fb2230,753,0
45059,2,5342,419.4589,1,2011-12-01 00:00:00,44456947-a943-4fab-ad75-13f7a1a5fe0f,763,0
45059,3,5343,419.4589,1,2011-12-01 00:00:00,c6510b16-db8e-47c6-a08c-407a64ec85d0,770,0
45059,2,5344,874.794,1,2011-12-01 00:00:00,72851683-c0e1-4ca8-a8cc-1856328152fe,755,0
45059,1,5345,419.4589,1,2011-12-01 00:00:00,636036af-3254-4c6b-b542-93025077c17c,765,0
45059,1,5346,874.794,1,2011-12-01 00:00:00,1b44af9d-f8c4-45c3-8153-66332f09f991,757,0
45059,2,5347,419.4589,1,2011-12-01 00:00:00,aa4012c7-e34b-4aac-a289-846b72d11741,768,0
45059,5,5348,2146.962,1,2011-12-01 00:00:00,47c64d8b-2526-44d2-b8f9-18c9c72e2f2e,749,0
45059,1,5349,419.4589,1,2011-12-01 00:00:00,11f377b2-5c14-4e24-b811-8efa94fa8640,762,0
45059,1,5350,419.4589,1,2011-12-01 00:00:00,65ff7595-bebd-440b-9c65-4ba37574067a,766,0
45059,2,5351,419.4589,1,2011-12-01 00:00:00,ca285372-bc55-4c3b-872d-42b30ed4b019,764,0
45059,2,5352,419.4589,1,2011-12-01 00:00:00,36bdc1c3-3b91-477b-a79d-89d0e402f7e2,767,0
45059,2,5353,2146.962,1,2011-12-01 00:00:00,6c5f620f-c861-4a7a-a220-a78add7c5fe3,750,0
45059,2,5354,2146.962,1,2011-12-01 00:00:00,c7cbe570-706f-42a0-a2d1-d9d3c3434a38,751,0
45060,2,5355,419.4589,1,2011-12-01 00:00:00,d302dc5a-2371-49c6-ac16-60acc015cb9c,762,0
45060,1,5356,419.4589,1,2011-12-01 00:00:00,55573b87-faf9-4293-8d1c-752d442287c0,763,0
45060,1,5357,2146.962,1,2011-12-01 00:00:00,ef7c3f22-b516-43f5-9fd1-477d6c08bdee,749,0
45060,2,5358,419.4589,1,2011-12-01 00:00:00,e780c280-cc9a-4ed0-87c1-598e9baca72c,759,0
45060,1,5359,419.4589,1,2011-12-01 00:00:00,1e842bea-b2c5-4b96-8893-7aa3b9cbf647,768,0
45060,1,5360,419.4589,1,2011-12-01 00:00:00,57a3f10f-d77b-455e-a132-f16284040a9b,770,0
45060,2,5361,2146.962,1,2011-12-01 00:00:00,bf9487d7-7a5a-40d2-9728-723a2141ed4f,752,0
45060,1,5362,419.4589,1,2011-12-01 00:00:00,bbd7deb8-8078-4319-9e9b-f3301f7d7fba,760,0
45060,2,5363,28.8404,1,2011-12-01 00:00:00,19785d17-ae75-41e1-9812-9973156ef67d,715,0
45060,3,5364,5.1865,1,2011-12-01 00:00:00,29a21042-6479-4ceb-a0f5-7c1e8bd7cf2f,712,0
45060,1,5365,419.4589,1,2011-12-01 00:00:00,f5c948f9-f5be-4ba7-9b8b-ce38b657889b,767,0
45060,2,5366,2146.962,1,2011-12-01 00:00:00,5ce4c20b-5196-434c-858e-ee943b2eafdd,751,0
45060,2,5367,419.4589,1,2011-12-01 00:00:00,ed4a09e6-9521-44fa-a5f0-d9575d126074,769,0
45060,2,5368,419.4589,1,2011-12-01 00:00:00,4fd25de1-57d6-48cb-b00e-2d4d04193bd3,764,0
45060,2,5369,419.4589,1,2011-12-01 00:00:00,31ef126d-c6f0-4fda-9792-e27ff1a6280f,761,0
45060,2,5370,2146.962,1,2011-12-01 00:00:00,b5f92782-6fb9-49d2-8809-68782fc370cc,750,0
45060,1,5371,874.794,1,2011-12-01 00:00:00,4ba766e3-c80f-4a14-a944-feac505af448,758,0
45060,1,5372,419.4589,1,2011-12-01 00:00:00,42424de9-1b22-4693-b49f-53b278cd2b9d,766,0
45060,3,5373,419.4589,1,2011-12-01 00:00:00,4ebf650c-6655-4f55-ba85-8705a6779ebb,765,0
45061,3,5374,2024.994,1,2011-12-01 00:00:00,a6ae99f9-b7bd-4341-9d8b-e3c25d9d3c18,775,0
45061,2,5375,2024.994,1,2011-12-01 00:00:00,59430a57-2f0f-4325-9518-ea2ffbc8351d,776,0
45061,5,5376,2024.994,1,2011-12-01 00:00:00,fb1e20ec-2774-4aa2-b924-d3e91879ded2,777,0
45061,8,5377,2024.994,1,2011-12-01 00:00:00,64baa170-178e-42f8-985d-1875379b1d49,778,0
45061,6,5378,2039.994,1,2011-12-01 00:00:00,33a508be-11b5-456c-809c-1b3e26665d5a,771,0
45061,2,5379,2039.994,1,2011-12-01 00:00:00,d681b557-7b31-4c10-acf7-083ecb22e129,772,0
45061,5,5380,2039.994,1,2011-12-01 00:00:00,0eea0c11-0bea-49f5-8d85-372a9875d0b5,773,0
45061,5,5381,2039.994,1,2011-12-01 00:00:00,d57c7328-069c-4811-acce-66b49b0e8351,774,0
45061,2,5382,28.8404,1,2011-12-01 00:00:00,d5abebc4-97bc-49fd-9e36-951688b92bf5,715,0
45061,5,5383,5.7,1,2011-12-01 00:00:00,0132eb3d-90a3-4adc-a72c-30809e0793e2,709,0
45061,1,5384,5.1865,1,2011-12-01 00:00:00,120f10cf-daa6-4c9b-be39-3b8663f32f3a,712,0
45062,2,5385,5.1865,1,2011-12-01 00:00:00,700b2ecc-e018-46bd-9e7f-74a10c66ccde,712,0
45062,1,5386,419.4589,1,2011-12-01 00:00:00,32052ffa-9249-4ab4-bb8f-2a7be5db6219,761,0
45062,2,5387,28.8404,1,2011-12-01 00:00:00,7dffd608-f9d0-469c-953c-5838b70c589f,714,0
45062,2,5388,419.4589,1,2011-12-01 00:00:00,c074f396-92f4-4d44-bf12-a546e79c4995,765,0
45062,4,5389,28.8404,1,2011-12-01 00:00:00,5f6c8d81-ffcb-4735-989e-ac6223674902,715,0
45062,1,5390,20.1865,1,2011-12-01 00:00:00,8ac5b099-1d91-471e-b30e-a887bb5190c6,711,0
45062,1,5391,20.1865,1,2011-12-01 00:00:00,e2af1541-c4f4-4dd3-9e76-643b2ecf5082,707,0
45062,2,5392,2146.962,1,2011-12-01 00:00:00,48bf04e8-843e-4edb-8c94-3c3cf7d532d4,753,0
45062,2,5393,183.9382,1,2011-12-01 00:00:00,2c82e205-bf8b-4cbf-9a50-df616855de8b,725,0
45062,2,5394,28.8404,1,2011-12-01 00:00:00,57358b47-4aec-4cd5-9d0a-ba117e4b2dff,716,0
45062,1,5395,183.9382,1,2011-12-01 00:00:00,e2de4baf-c0aa-4efd-a1b4-7c14909a8ade,729,0
45062,1,5396,356.898,1,2011-12-01 00:00:00,c6314386-352c-4f32-83ca-472f7b709c2d,732,0
45062,2,5397,419.4589,1,2011-12-01 00:00:00,c28ad665-f7d9-4f86-b86a-0582f00e3c9f,762,0
45062,3,5398,874.794,1,2011-12-01 00:00:00,2ada8a3c-e91c-43f6-ace9-d54e1e44dbcb,755,0
45062,1,5399,419.4589,1,2011-12-01 00:00:00,3e082249-b25d-4b35-957b-c751fc8ca8ec,770,0
45062,2,5400,20.1865,1,2011-12-01 00:00:00,775ae1fb-b612-40c3-b703-1f6ed02513ba,708,0
45062,2,5401,419.4589,1,2011-12-01 00:00:00,98f58bfd-7ba6-4abf-9afe-2455f7beaadc,768,0
45062,2,5402,874.794,1,2011-12-01 00:00:00,9eb2e341-cea2-4e6e-885a-405830081296,758,0
45062,2,5403,419.4589,1,2011-12-01 00:00:00,208af41c-1773-45e0-9db6-ab4d30ab21f2,763,0
45062,2,5404,874.794,1,2011-12-01 00:00:00,db1ae444-d06b-48aa-80b4-e18db4cae4af,754,0
45063,4,5405,419.4589,1,2011-12-01 00:00:00,47c1925d-df39-4964-a861-8ebc3bf92f24,765,0
45063,1,5406,419.4589,1,2011-12-01 00:00:00,0542b4f8-57ec-4f61-b11e-f8b6472ea4f6,761,0
45063,3,5407,419.4589,1,2011-12-01 00:00:00,5cb6967b-6e3c-4404-b575-12b0d74d35f6,760,0
45063,1,5408,419.4589,1,2011-12-01 00:00:00,dd3b05e3-1a16-46af-9412-3ac21d53710b,770,0
45063,3,5409,419.4589,1,2011-12-01 00:00:00,99fa00b2-037c-412f-bd77-c955ac5987f4,762,0
45063,2,5410,419.4589,1,2011-12-01 00:00:00,bccc4971-aff7-493b-8ed8-69bcadc520e8,763,0
45063,5,5411,874.794,1,2011-12-01 00:00:00,c4a87c21-98e1-49b0-8f64-6d9731887ca0,754,0
45063,1,5412,874.794,1,2011-12-01 00:00:00,db34bcbb-d597-4eed-9e2e-fe861d56a1e6,758,0
45064,2,5413,2024.994,1,2011-12-01 00:00:00,cde7be92-e53f-482c-9ce5-dee2d494ff87,777,0
45064,4,5414,5.7,1,2011-12-01 00:00:00,1966afb7-cfe4-4a6c-937d-aabd6a90e51d,709,0
45064,4,5415,2024.994,1,2011-12-01 00:00:00,77655b32-1cfd-4e50-82a6-f68b27608873,775,0
45064,4,5416,2024.994,1,2011-12-01 00:00:00,9c29e8e0-1107-4306-a728-f07b1d5ae87d,778,0
45064,2,5417,2039.994,1,2011-12-01 00:00:00,1f73a2c2-0713-4df0-bfb0-694407d55997,772,0
45064,1,5418,5.1865,1,2011-12-01 00:00:00,5601ba33-34e4-4834-8874-018a04cbf112,712,0
45064,2,5419,2039.994,1,2011-12-01 00:00:00,8f08e0d6-9604-4145-b129-992c6547713d,771,0
45064,4,5420,28.8404,1,2011-12-01 00:00:00,b1bd2ab1-d00b-488d-89a9-27408e539a31,715,0
45064,4,5421,2039.994,1,2011-12-01 00:00:00,daaadbad-f17b-45b4-9314-3e93eaa9b37f,773,0
45064,8,5422,2039.994,1,2011-12-01 00:00:00,693c9bc8-a7d7-416a-8a24-94c67e3a2c38,774,0
45065,4,5423,2146.962,1,2011-12-01 00:00:00,68cbecf6-8298-46da-98bb-491c31570377,752,0
45065,2,5424,419.4589,1,2011-12-01 00:00:00,ffa37649-d5e6-459b-ad62-59ffec9e7aa8,767,0
45065,1,5425,419.4589,1,2011-12-01 00:00:00,313243d1-1048-4ef8-bbf6-291088e636ea,768,0
45065,5,5426,419.4589,1,2011-12-01 00:00:00,ad72f40c-2caa-4ddc-9d4b-32805af86de0,764,0
45065,3,5427,874.794,1,2011-12-01 00:00:00,ed26ed9e-72c8-4da0-8dd5-16c939f8a1ce,756,0
45065,1,5428,2146.962,1,2011-12-01 00:00:00,3a9fb9b2-57ac-46d3-8bc8-077dfbcb7f81,749,0
45065,2,5429,419.4589,1,2011-12-01 00:00:00,6a0c0f45-21b7-4004-9969-b6c8c0c106cd,766,0
45065,1,5430,874.794,1,2011-12-01 00:00:00,1fbd1ec6-5be0-489c-ae9e-43524fed5985,757,0
45065,1,5431,419.4589,1,2011-12-01 00:00:00,bda1c4e4-737a-4ab7-87a6-acdfb0ba87ca,761,0
45065,1,5432,419.4589,1,2011-12-01 00:00:00,301e43a4-7c72-4173-8928-5906b4e0b501,759,0
45065,2,5433,874.794,1,2011-12-01 00:00:00,91fa52d4-bbbe-4ec8-b641-456a2a33ccaa,758,0
45065,1,5434,874.794,1,2011-12-01 00:00:00,6a5e7170-e7f9-4c65-ab33-fea2b8cd4907,754,0
45065,1,5435,874.794,1,2011-12-01 00:00:00,7bcd0b22-c947-468b-88ce-db6bdfee375c,755,0
45065,1,5436,419.4589,1,2011-12-01 00:00:00,2fa4effa-af4f-4a6f-8202-c9f7ac53e123,763,0
45065,2,5437,419.4589,1,2011-12-01 00:00:00,564ca766-b3b0-4542-9b88-4faf05f807be,765,0
45066,1,5438,419.4589,1,2011-12-01 00:00:00,57205415-d314-477c-8055-c34dff5f89f1,765,0
45067,2,5439,5.1865,1,2011-12-01 00:00:00,3deea26a-6b21-4337-b139-3db1f44507fa,712,0
45067,1,5440,20.1865,1,2011-12-01 00:00:00,c362f60a-ade6-4121-9559-4e0646a99f80,707,0
45067,1,5441,183.9382,1,2011-12-01 00:00:00,6221776d-f9e8-4475-a052-da2bde2e84f1,726,0
45067,1,5442,2146.962,1,2011-12-01 00:00:00,0fa5402a-ce9f-4bda-84fa-6fe1076ded83,753,0
45067,1,5443,178.5808,1,2011-12-01 00:00:00,d7807592-fa88-4fa8-ae49-c5664d7c4f5b,722,0
45067,3,5444,183.9382,1,2011-12-01 00:00:00,c81ebb05-01dc-443f-b620-8a1f546e698b,730,0
45068,2,5445,419.4589,1,2011-12-01 00:00:00,fdd19807-af1d-4ece-b8a7-c2ad98b0f049,765,0
45068,1,5446,874.794,1,2011-12-01 00:00:00,6888739e-8517-4749-a7dd-2395a43bd2e1,754,0
45068,1,5447,419.4589,1,2011-12-01 00:00:00,3bbf423f-f817-4414-9709-67306c03e06a,763,0
45069,2,5448,419.4589,1,2011-12-01 00:00:00,c6fc1ad0-b399-42ec-ad87-6f356323244b,769,0
45069,1,5449,419.4589,1,2011-12-01 00:00:00,99d2cc38-8570-4707-826b-c095f98673ab,766,0
45069,1,5450,2146.962,1,2011-12-01 00:00:00,a30e7ac4-1a6d-4909-834b-f9abc3fbd5d8,753,0
45069,5,5451,874.794,1,2011-12-01 00:00:00,95c829a8-75cc-491f-8ca0-1f4fdb15f038,756,0
45069,2,5452,419.4589,1,2011-12-01 00:00:00,fe2109af-4cf7-44c1-b969-fc8068fbff13,764,0
45069,3,5453,874.794,1,2011-12-01 00:00:00,90b0855a-353b-41af-b986-36177284b766,755,0
45069,2,5454,419.4589,1,2011-12-01 00:00:00,30a660d7-9a0e-480f-8672-716c3141db20,763,0
45069,1,5455,2146.962,1,2011-12-01 00:00:00,df65e524-cf3a-4ce8-839a-9f477487c742,750,0
45069,1,5456,874.794,1,2011-12-01 00:00:00,3575d4b1-b663-4dac-a1d2-a2e2b1bf00ce,757,0
45069,2,5457,419.4589,1,2011-12-01 00:00:00,6c1cc9b1-f217-49ce-8894-352b6e6fc014,759,0
45069,2,5458,874.794,1,2011-12-01 00:00:00,909871a5-6b59-4898-afff-b059066500f6,754,0
45069,1,5459,419.4589,1,2011-12-01 00:00:00,ea844947-f4e2-4d23-89a5-11380b6e178e,761,0
45069,2,5460,2146.962,1,2011-12-01 00:00:00,a023f670-d237-44c1-9725-0949b3dc3a2f,751,0
45069,1,5461,2146.962,1,2011-12-01 00:00:00,67bd4fad-1e8d-462d-86f7-66250633bbdf,752,0
45070,1,5462,874.794,1,2011-12-01 00:00:00,4358906d-d808-42ba-a9b1-8b2ef2aaf3f8,755,0
45070,2,5463,356.898,1,2011-12-01 00:00:00,71638823-0235-4a78-85b8-1d2b16e113e8,732,0
45070,4,5464,419.4589,1,2011-12-01 00:00:00,9ddd3503-d6e6-4ab8-812b-d3418f9bd898,770,0
45070,2,5465,2146.962,1,2011-12-01 00:00:00,47e7df8f-5350-4cee-ac7e-ca5a9b0ad0e6,749,0
45070,2,5466,419.4589,1,2011-12-01 00:00:00,43c49923-4b4b-4d6f-ad97-cf37e6e58ef5,768,0
45070,4,5467,874.794,1,2011-12-01 00:00:00,6106493d-9c5d-4724-8c39-3eea8b2f8488,754,0
45070,6,5468,419.4589,1,2011-12-01 00:00:00,e70edb59-2204-49a2-add8-37ecd7710acb,760,0
45070,2,5469,419.4589,1,2011-12-01 00:00:00,e8dd885a-6551-44c3-8c28-342611644332,765,0
45070,3,5470,419.4589,1,2011-12-01 00:00:00,2ac3c4cd-727c-44d7-80f1-e3e526f70274,762,0
45070,1,5471,419.4589,1,2011-12-01 00:00:00,09bf08cf-367e-4e14-be26-9b7307f60332,766,0
45070,3,5472,178.5808,1,2011-12-01 00:00:00,f23bbc63-b97d-4226-b339-a6e91258c8be,738,0
45070,3,5473,874.794,1,2011-12-01 00:00:00,ab7dba15-0f1b-47fc-bd38-3b844920f697,756,0
45070,1,5474,183.9382,1,2011-12-01 00:00:00,053292ad-d024-4007-a46c-32c2e887397b,730,0
45070,4,5475,874.794,1,2011-12-01 00:00:00,2fc5e422-6141-40b0-b4cd-41ef81e38faa,758,0
45070,2,5476,178.5808,1,2011-12-01 00:00:00,84434ba6-a5d0-460c-a31a-ceac1be79daa,722,0
45070,7,5477,419.4589,1,2011-12-01 00:00:00,4ed312fc-5b11-4382-bd72-361de2d4e124,761,0
45070,2,5478,419.4589,1,2011-12-01 00:00:00,9edc742e-0aa8-46a6-9327-df2386adeb07,764,0
45070,1,5479,183.9382,1,2011-12-01 00:00:00,f1ea2f47-d541-4e81-b43f-0742476185b8,726,0
45071,2,5480,874.794,1,2011-12-01 00:00:00,2d49e4bf-0026-4b3b-b1cf-4a26ebb857dd,754,0
45071,1,5481,874.794,1,2011-12-01 00:00:00,20041691-9673-4ad1-a904-9cf16086813b,758,0
45071,4,5482,419.4589,1,2011-12-01 00:00:00,8232c5b3-ef6e-4c6a-b6b7-ff526657d423,770,0
45071,1,5483,419.4589,1,2011-12-01 00:00:00,aefa006e-122f-4a56-8e9e-a752e3fb5dd6,760,0
45071,3,5484,419.4589,1,2011-12-01 00:00:00,08c72580-54b7-40ac-b496-f0ad16796b8b,762,0
45072,2,5485,419.4589,1,2011-12-01 00:00:00,bad388ac-3ffd-4abb-b888-4d39d2b44915,763,0
45072,2,5486,419.4589,1,2011-12-01 00:00:00,5673d3b6-06cc-4af1-a869-083a322c8863,765,0
45072,1,5487,419.4589,1,2011-12-01 00:00:00,c94b9d2a-7d07-4104-9f98-e937d5606ab8,761,0
45073,1,5488,419.4589,1,2011-12-01 00:00:00,71a261c3-aec1-49a5-ab3e-f3d50a7af6a9,763,0
45074,1,5489,874.794,1,2011-12-01 00:00:00,3ff2855e-5474-437f-af7b-32b92586c6a2,755,0
45074,2,5490,419.4589,1,2011-12-01 00:00:00,9716325c-5478-4158-bd90-ccef7fe96926,762,0
45074,4,5491,183.9382,1,2011-12-01 00:00:00,d386d61b-cfbb-444d-87d3-b5311bad68cf,725,0
45074,2,5492,419.4589,1,2011-12-01 00:00:00,6e488f0b-ca24-4340-8f7e-20676edf39dd,760,0
45074,3,5493,419.4589,1,2011-12-01 00:00:00,bdd72987-5604-4e9e-b8d1-052d2b1528d6,761,0
45074,1,5494,419.4589,1,2011-12-01 00:00:00,bfca5d6a-08d0-4723-aba4-1f25c4af664d,768,0
45074,4,5495,28.8404,1,2011-12-01 00:00:00,84209d8c-3c16-4a34-8b42-121a3b389e57,714,0
45074,5,5496,20.1865,1,2011-12-01 00:00:00,37962b14-0f2c-43fd-9865-f33e70d7eabf,708,0
45074,2,5497,28.8404,1,2011-12-01 00:00:00,ccbdac8a-fd7b-495c-adf9-eba5e377c78f,716,0
45074,1,5498,419.4589,1,2011-12-01 00:00:00,7160f03e-c255-4df5-838c-b0a702cddc47,766,0
45074,2,5499,178.5808,1,2011-12-01 00:00:00,73b24d8a-50f5-4440-b3a9-3eceb763eb91,738,0
45074,2,5500,20.1865,1,2011-12-01 00:00:00,b24c61f8-7d9a-4b5d-8dac-43ed263e808b,711,0
45074,2,5501,419.4589,1,2011-12-01 00:00:00,da9623ec-f2f9-4d4a-a49a-380fe34d4848,763,0
45074,2,5502,419.4589,1,2011-12-01 00:00:00,02d19b9d-766c-4ac2-b5b2-0cb33d192800,765,0
45074,4,5503,28.8404,1,2011-12-01 00:00:00,44dc1e70-73d1-4a36-99c4-a9d15e73e87a,715,0
45074,2,5504,419.4589,1,2011-12-01 00:00:00,87d5d55c-c187-46d5-9bd9-45dbcdc683cb,764,0
45074,5,5505,20.1865,1,2011-12-01 00:00:00,870c4a68-0a5c-4bc5-a0eb-1d2aec07e6d9,707,0
45074,3,5506,874.794,1,2011-12-01 00:00:00,b6ef2e49-1e39-4624-9058-1408d00f6527,758,0
45074,2,5507,356.898,1,2011-12-01 00:00:00,aec021f6-92b2-42c9-a6bc-9999bf9417fa,732,0
45074,4,5508,2146.962,1,2011-12-01 00:00:00,71c368ab-14bf-4fca-be57-48b3c9197263,753,0
45074,4,5509,183.9382,1,2011-12-01 00:00:00,b5bb382a-1fe7-462e-81b6-fa520c21189c,729,0
45074,1,5510,874.794,1,2011-12-01 00:00:00,dbf3e9a2-5e13-45ee-9529-00639b85abe8,754,0
45074,5,5511,5.1865,1,2011-12-01 00:00:00,c1733ec7-158f-41f6-b74a-85fcd981b28a,712,0
45074,4,5512,419.4589,1,2011-12-01 00:00:00,bd1826bf-d127-4727-b493-acba8d7fb2c4,770,0
45075,2,5513,2024.994,1,2011-12-01 00:00:00,8295df36-c5b0-415a-ac05-7a45c531d844,775,0
45075,2,5514,2024.994,1,2011-12-01 00:00:00,7d211c2a-8e71-4ed2-89ae-a200f0c771c7,778,0
45075,2,5515,2039.994,1,2011-12-01 00:00:00,041e612e-642b-4e87-9bc7-19212e5f8fd9,773,0
45075,9,5516,5.7,1,2011-12-01 00:00:00,566f5f70-6bcc-4f0c-a5bb-1490cfe749ea,709,0
45076,2,5517,2039.994,1,2011-12-01 00:00:00,f1933e42-6316-44d2-a82b-8b587f8a99f8,772,0
45076,1,5518,5.1865,1,2011-12-01 00:00:00,298bfd57-0a91-4fea-a6a7-f028154b982e,712,0
45076,1,5519,28.8404,1,2011-12-01 00:00:00,83a1aa59-6822-4ac8-880c-d882d8df7c72,715,0
45076,2,5520,2024.994,1,2011-12-01 00:00:00,370b96df-c4c5-4c8e-9757-3a3346f51971,777,0
45077,2,5521,2024.994,1,2011-12-01 00:00:00,2686414e-6358-4186-9649-4354515e3a45,776,0
45077,3,5522,818.7,1,2011-12-01 00:00:00,397cf583-20d2-4922-b511-6a2390f1facc,741,0
45077,1,5523,714.7043,1,2011-12-01 00:00:00,c9c1a5d8-5884-4b5a-98e6-ce5eaf89a5fb,743,0
45077,2,5524,2039.994,1,2011-12-01 00:00:00,1bb2e1da-5dd4-4a9c-94e1-ab8899ff01f5,771,0
45077,1,5525,722.5949,1,2011-12-01 00:00:00,04297a13-ba8d-4e6a-87a0-c7c9eab50bbe,748,0
45077,3,5526,2039.994,1,2011-12-01 00:00:00,ec8625c2-6e26-4459-a501-105d003d45a2,772,0
45077,1,5527,714.7043,1,2011-12-01 00:00:00,438ee295-c274-4c44-adaa-bfcfbc8cabfa,747,0
45077,2,5528,5.7,1,2011-12-01 00:00:00,b90bf806-6d89-4686-8e50-48b92ff81315,709,0
45078,1,5529,3578.27,1,2011-12-01 00:00:00,9f20b730-e8fb-44a5-9042-0b3de65d91e8,752,0
45079,1,5530,3578.27,1,2011-12-01 00:00:00,86ec4aff-6a4d-4916-a452-d39727232fab,751,0
45080,1,5531,699.0982,1,2011-12-01 00:00:00,cbb1a06b-73ea-4d8b-b7d6-19e22c2c2b75,765,0
45081,1,5532,699.0982,1,2011-12-01 00:00:00,4df8fdcb-a616-4cf9-83af-e9e6d46f23e3,768,0
45082,1,5533,3374.99,1,2011-12-01 00:00:00,f8585db9-f6ba-42e8-be04-433a5596b02b,777,0
45083,1,5534,3578.27,1,2011-12-02 00:00:00,5e2f9b8b-2914-48e5-9fa1-de5ee6997e76,751,0
45084,1,5535,3578.27,1,2011-12-02 00:00:00,048ef7ff-4b87-4099-8c0d-9a3a80feb126,749,0
45085,1,5536,3578.27,1,2011-12-02 00:00:00,e37ed8f2-d832-46ba-90f8-c4520c2dae64,751,0
45086,1,5537,3578.27,1,2011-12-02 00:00:00,fd4261a2-35bb-4df6-b01c-bb226fdc53cd,753,0
45087,1,5538,3374.99,1,2011-12-03 00:00:00,d07e204c-932c-4c9e-a677-70a743390a83,777,0
45088,1,5539,3399.99,1,2011-12-03 00:00:00,3859414c-2e3b-4c4a-9ddd-5c9236e999d0,772,0
45089,1,5540,3374.99,1,2011-12-03 00:00:00,04d1b232-480c-47df-8e0b-fcd1caf7d6fd,778,0
45090,1,5541,3578.27,1,2011-12-03 00:00:00,52c2e193-aea7-4393-ac57-acd0f374026e,749,0
45091,1,5542,3578.27,1,2011-12-03 00:00:00,02954b1e-0d9c-4c06-ae3f-f8cb86cf856f,753,0
45092,1,5543,3578.27,1,2011-12-03 00:00:00,8a71380a-5875-4d37-8594-3acb549934cd,752,0
45093,1,5544,3578.27,1,2011-12-03 00:00:00,ddddceea-9d6e-430a-8c6e-d059a8bb8642,751,0
45094,1,5545,3578.27,1,2011-12-03 00:00:00,c4be6def-dbdc-4018-a167-abe4f0f1907c,749,0
45095,1,5546,3399.99,1,2011-12-04 00:00:00,6411a5b2-a6d5-4f67-8e1f-09cf9266e6c0,771,0
45096,1,5547,3578.27,1,2011-12-04 00:00:00,851adf2d-b518-4001-9625-b9fb86cbcb4b,751,0
45097,1,5548,3578.27,1,2011-12-04 00:00:00,8cc28515-14b8-423d-b5da-49eb67e4e24c,752,0
45098,1,5549,3578.27,1,2011-12-04 00:00:00,67fb2231-f1e7-48df-8e1e-e6039a07b837,749,0
45099,1,5550,3578.27,1,2011-12-04 00:00:00,bd4af9bc-8965-4f81-a702-d2504ec46314,751,0
45100,1,5551,699.0982,1,2011-12-05 00:00:00,49f2e895-b85d-49d2-b97d-797c94bc01a9,762,0
45101,1,5552,3578.27,1,2011-12-05 00:00:00,da038073-fb5d-40fa-b351-71bdfe367a90,752,0
45102,1,5553,3578.27,1,2011-12-05 00:00:00,39f59cdd-45a4-40d2-bd95-c3bf2ff9bed6,749,0
45103,1,5554,3578.27,1,2011-12-06 00:00:00,68f86f4d-34bb-48ef-b523-b0f22df17fe3,749,0
45104,1,5555,3578.27,1,2011-12-06 00:00:00,7b1541ce-f6d9-40bb-82e2-9533f2f886ac,749,0
45105,1,5556,3578.27,1,2011-12-06 00:00:00,748d55d2-5a15-445a-bae9-6ead3f65365f,751,0
45106,1,5557,3374.99,1,2011-12-06 00:00:00,f2e12809-7ea3-448f-994f-6fa7048ef081,775,0
45107,1,5558,3578.27,1,2011-12-06 00:00:00,bb736019-1d8c-46cd-8ec7-834b7df8c17f,751,0
45108,1,5559,3578.27,1,2011-12-06 00:00:00,0ca496fc-0880-44e4-9d7f-a2364d3d3279,749,0
45109,1,5560,3578.27,1,2011-12-07 00:00:00,2613af12-7058-494f-be30-3c2ff93ad1a4,750,0
45110,1,5561,3578.27,1,2011-12-07 00:00:00,37aa006e-400b-4408-a1ab-793e8181cff3,750,0
45111,1,5562,699.0982,1,2011-12-07 00:00:00,41bcfa9a-1159-44cd-9044-02a941967295,762,0
45112,1,5563,699.0982,1,2011-12-07 00:00:00,8cde7bb1-1410-47ed-b98a-002fe853b0ce,761,0
45113,1,5564,3578.27,1,2011-12-08 00:00:00,4ec25480-1915-4520-8bfc-714133f041f4,752,0
45114,1,5565,3578.27,1,2011-12-08 00:00:00,7f5988c5-e66a-4930-b2b3-8c7478d9d24a,749,0
45115,1,5566,3374.99,1,2011-12-08 00:00:00,b11ec76d-b619-4001-96d3-720e4c42383d,775,0
45116,1,5567,3578.27,1,2011-12-08 00:00:00,78cf5e81-fce7-4570-a606-6112160ebc54,750,0
45117,1,5568,699.0982,1,2011-12-08 00:00:00,0e362d07-591d-48ff-adda-b41a7471c8fb,770,0
45118,1,5569,3578.27,1,2011-12-08 00:00:00,84b03627-7f7a-4814-b4c8-adb16d79f9a9,753,0
45119,1,5570,3578.27,1,2011-12-08 00:00:00,e2ca36ee-0ba7-4f5a-a4e6-4f3c6ee0ba98,753,0
45120,1,5571,3399.99,1,2011-12-08 00:00:00,05e66749-083e-43c2-8ffb-b8c80ae0948e,771,0
45121,1,5572,3578.27,1,2011-12-09 00:00:00,1ba5803e-d370-4835-977b-3257eff37635,749,0
45122,1,5573,3578.27,1,2011-12-09 00:00:00,febfee1b-85f0-4e22-bb85-63f58d219b1d,753,0
45123,1,5574,3578.27,1,2011-12-09 00:00:00,3895e074-927f-409a-8a29-8d0fe07ea9c9,750,0
45124,1,5575,3578.27,1,2011-12-09 00:00:00,4cabc352-c11e-48f6-9540-99d32996c8f5,752,0
45125,1,5576,3578.27,1,2011-12-09 00:00:00,d08b1856-73e2-4d9d-ad13-8572b3610295,751,0
45126,1,5577,3578.27,1,2011-12-10 00:00:00,bcc01283-d6c1-4225-8a9c-e4ec43c987b7,750,0
45127,1,5578,3578.27,1,2011-12-10 00:00:00,6e7f16c4-d28d-4478-8bbf-8843f1d162d0,752,0
45128,1,5579,3578.27,1,2011-12-10 00:00:00,ef8ab04b-c88a-44ac-be34-64b90be5aefb,749,0
45129,1,5580,3374.99,1,2011-12-10 00:00:00,dc667737-d339-4a15-9b42-79a244d0969b,777,0
45130,1,5581,3578.27,1,2011-12-11 00:00:00,ce9f8f2d-91c6-4f78-a44b-cf9a4b628be1,752,0
45131,1,5582,3399.99,1,2011-12-11 00:00:00,43fb7e8f-54f8-4f6d-9789-aafcdcc717c0,771,0
45132,1,5583,3374.99,1,2011-12-11 00:00:00,2625befc-7533-416c-928c-8bb6e759dea1,777,0
45133,1,5584,3578.27,1,2011-12-11 00:00:00,dbeaa785-588c-4ccd-9e87-af62de0efb09,753,0
45134,1,5585,3578.27,1,2011-12-11 00:00:00,858cc1a2-7d25-4edd-9358-5a4febf8fa28,753,0
45135,1,5586,3578.27,1,2011-12-11 00:00:00,90e2d79b-f2ac-4e9f-b328-34dac08ec0b5,749,0
45136,1,5587,3578.27,1,2011-12-11 00:00:00,ed16aeca-36a6-46bf-8f21-d925b7723435,751,0
45137,1,5588,3578.27,1,2011-12-11 00:00:00,b371ae17-e167-43f6-bd82-7f55d7f0a4c1,749,0
45138,1,5589,3374.99,1,2011-12-11 00:00:00,98518e63-5a3e-4c49-a864-ed3492a629d3,776,0
45139,1,5590,3578.27,1,2011-12-12 00:00:00,5b4fec6f-652b-4fcd-98ad-a8e5bfd11151,753,0
45140,1,5591,3578.27,1,2011-12-12 00:00:00,22facec6-fdab-4c01-8d72-1c9b51a77c68,751,0
45141,1,5592,3578.27,1,2011-12-12 00:00:00,bc7f9f70-c162-4a42-9b1f-94d8b98ad4ed,751,0
45142,1,5593,3578.27,1,2011-12-12 00:00:00,c801ab5b-f453-4ba5-a3fb-7b63f74531ab,750,0
45143,1,5594,3578.27,1,2011-12-12 00:00:00,4a838e29-9845-4dfc-a977-16e1ed2dede5,749,0
45144,1,5595,3578.27,1,2011-12-12 00:00:00,c6c79a99-ec79-49bf-8122-5cf805a9e9d8,750,0
45145,1,5596,3578.27,1,2011-12-12 00:00:00,3f4ca9a9-3653-46ec-8194-d1ac01a3d22e,753,0
45146,1,5597,3578.27,1,2011-12-13 00:00:00,70eb55cb-9aef-4d2d-8972-5e7df98b84ac,749,0
45147,1,5598,3578.27,1,2011-12-13 00:00:00,595a0576-11a9-4f99-8ee0-9b0c1395e194,751,0
45148,1,5599,699.0982,1,2011-12-13 00:00:00,d49cba99-57ed-4712-aca0-c38aed9cbab2,770,0
45149,1,5600,3578.27,1,2011-12-14 00:00:00,71717ac8-37bc-42a6-b001-3f9aafdf53dd,753,0
45150,1,5601,3399.99,1,2011-12-14 00:00:00,0835bf13-bf42-4d89-83f0-491a2e24408e,773,0
45151,1,5602,3578.27,1,2011-12-14 00:00:00,d14ac45e-a1ea-4020-b371-2aa327920535,753,0
45152,1,5603,3578.27,1,2011-12-14 00:00:00,c0bb3f94-d6a2-4743-8e9e-e3d58c1cc4ec,749,0
45153,1,5604,3578.27,1,2011-12-14 00:00:00,e372fa2b-671b-44a2-880a-42841921cf6b,749,0
45154,1,5605,3578.27,1,2011-12-14 00:00:00,2126fa1d-2685-4588-97a7-65f7a59fece3,752,0
45155,1,5606,3578.27,1,2011-12-14 00:00:00,936f818b-3e49-4afe-aabc-351bca9520a2,751,0
45156,1,5607,3399.99,1,2011-12-14 00:00:00,75be40b5-2cd1-4580-9206-0be7ee4c9528,771,0
45157,1,5608,3399.99,1,2011-12-14 00:00:00,60315d24-ec62-4adf-bf1f-29f3f05cdf0d,771,0
45158,1,5609,3399.99,1,2011-12-15 00:00:00,c5d23a0d-03f8-45e3-8d0e-0e8926666176,771,0
45159,1,5610,3374.99,1,2011-12-15 00:00:00,77e70e9d-644c-416e-bfa4-83e85cb81849,776,0
45160,1,5611,3578.27,1,2011-12-15 00:00:00,6df2d380-1eff-42a1-b648-94a667f642a8,749,0
45161,1,5612,3374.99,1,2011-12-15 00:00:00,f9ebea0e-753f-4b5d-89f6-4acc1d1b37a9,776,0
45162,1,5613,3578.27,1,2011-12-15 00:00:00,b6dbe9ba-5273-4ffb-b214-9d0adf1786c1,751,0
45163,1,5614,699.0982,1,2011-12-15 00:00:00,56034262-eec6-4f45-b7c0-fea89639d797,763,0
45164,1,5615,3374.99,1,2011-12-15 00:00:00,c958e424-6baa-4916-bafe-cd9b7750e7c9,776,0
45165,1,5616,3578.27,1,2011-12-16 00:00:00,e28b92b5-7edc-40eb-8c4d-46f11fd91937,752,0
45166,1,5617,3578.27,1,2011-12-16 00:00:00,b74b2818-184a-4d46-8236-96dd8a7c7ba9,751,0
45167,1,5618,3578.27,1,2011-12-16 00:00:00,8af5a4d0-a4b0-45e8-9518-b90c46ed4ea4,750,0
45168,1,5619,3578.27,1,2011-12-16 00:00:00,32791657-f60a-4a87-96a4-ad3fb30d5cda,751,0
45169,1,5620,3578.27,1,2011-12-16 00:00:00,8d53d82c-5282-4992-98c4-df93f72575fe,753,0
45170,1,5621,3374.99,1,2011-12-16 00:00:00,755c9a88-fafc-443e-9099-1db8122caad9,778,0
45171,1,5622,3399.99,1,2011-12-16 00:00:00,393000cd-434b-4caf-aa9e-bb495e5beac2,772,0
45172,1,5623,699.0982,1,2011-12-17 00:00:00,fcbb448c-ac5c-4372-8332-55d07db7fb52,766,0
45173,1,5624,3578.27,1,2011-12-17 00:00:00,d0da87b2-ac19-44aa-974d-ecf8b7da89ca,753,0
45174,1,5625,3578.27,1,2011-12-17 00:00:00,810c416b-97d1-4f0c-a55c-7b0392c45eac,752,0
45175,1,5626,3578.27,1,2011-12-17 00:00:00,29508a95-ca42-4626-b92f-fa80f6719584,752,0
45176,1,5627,3578.27,1,2011-12-17 00:00:00,f261a389-2e3a-4e0b-923a-2057798aa493,752,0
45177,1,5628,3578.27,1,2011-12-17 00:00:00,3f564c66-b462-44eb-9cc1-16bc25e312e8,753,0
45178,1,5629,3399.99,1,2011-12-17 00:00:00,8cd6b9ee-b0a2-43d9-ba52-21ae0db71ed6,774,0
45179,1,5630,3374.99,1,2011-12-17 00:00:00,3b728f58-7876-4eb8-b76e-8bc61a808847,778,0
45180,1,5631,3578.27,1,2011-12-18 00:00:00,00271801-6887-43f6-a1c3-a9e7783bf97a,750,0
45181,1,5632,3578.27,1,2011-12-18 00:00:00,29c1c083-70df-4ae3-b583-00d5d525f069,749,0
45182,1,5633,3578.27,1,2011-12-18 00:00:00,6e0acb90-d358-4aa7-bb48-1c01843c92a3,751,0
45183,1,5634,699.0982,1,2011-12-18 00:00:00,6d1c4646-e183-4fef-89c2-d88a01090895,766,0
45184,1,5635,699.0982,1,2011-12-18 00:00:00,ecb05e0d-85e2-4ab3-b603-450b49138a50,759,0
45185,1,5636,3578.27,1,2011-12-18 00:00:00,bcb0aae8-99fb-4264-98a0-7a08eb6459af,749,0
45186,1,5637,3578.27,1,2011-12-19 00:00:00,0ffd0008-0714-455c-90a2-c24602b33a33,752,0
45187,1,5638,3578.27,1,2011-12-19 00:00:00,5f0f1060-e8ff-40c7-874c-8646d1439cd8,749,0
45188,1,5639,3578.27,1,2011-12-19 00:00:00,0d3c299e-a841-4b28-9585-cc056c83790b,750,0
45189,1,5640,3578.27,1,2011-12-19 00:00:00,dd6ffa7a-0cf3-4307-af23-bdd61c641f13,749,0
45190,1,5641,3578.27,1,2011-12-19 00:00:00,af72b07a-726f-416b-be4c-794c1abfaa00,752,0
45191,1,5642,699.0982,1,2011-12-19 00:00:00,e790a882-f753-482b-b02b-905f348ea5fe,763,0
45192,1,5643,3578.27,1,2011-12-20 00:00:00,83cca166-f0f1-4e94-a3ba-d57c3d2ab468,753,0
45193,1,5644,3578.27,1,2011-12-20 00:00:00,1ef2bf45-1bc2-40c7-900e-6620f1634716,749,0
45194,1,5645,3578.27,1,2011-12-20 00:00:00,9014866a-3ea8-404d-aaef-c901c7907662,752,0
45195,1,5646,3578.27,1,2011-12-20 00:00:00,13565d0b-185f-4c48-8174-2bffa3f7d6d2,752,0
45196,1,5647,3578.27,1,2011-12-20 00:00:00,63bdc3bf-0613-4b85-9ae5-fe8f0a930639,750,0
45197,1,5648,3578.27,1,2011-12-20 00:00:00,b95f1b65-e6e2-40b6-aba7-64e2f97916cc,753,0
45198,1,5649,3578.27,1,2011-12-21 00:00:00,8e0cb6b1-00c4-4d54-a929-8735c68cf5f4,752,0
45199,1,5650,3399.99,1,2011-12-21 00:00:00,6e7e562e-81c4-40b6-bc70-c7ac7b6949bd,773,0
45200,1,5651,3578.27,1,2011-12-21 00:00:00,cad89057-67f7-4939-9252-93cb2eb07825,750,0
45201,1,5652,3578.27,1,2011-12-21 00:00:00,48a23427-a29f-4a4f-820b-78ca37dcef73,751,0
45202,1,5653,3578.27,1,2011-12-21 00:00:00,e6aa2f35-9ea5-430d-9a40-ed570a9c0d3e,753,0
45203,1,5654,3578.27,1,2011-12-21 00:00:00,4b6c7cf1-0917-4f61-a523-f9003c50cbc0,753,0
45204,1,5655,3399.99,1,2011-12-21 00:00:00,7d313ee1-eb95-4820-99ed-f8c88361bee9,772,0
45205,1,5656,3399.99,1,2011-12-22 00:00:00,5a07b966-8332-491c-ac4e-9b0f728549c9,771,0
45206,1,5657,3578.27,1,2011-12-22 00:00:00,9b9579c2-0f5e-4da8-8d4a-3f5bc2285092,752,0
45207,1,5658,3578.27,1,2011-12-22 00:00:00,e6018245-5bfe-4652-904d-8de24037fd0d,751,0
45208,1,5659,3399.99,1,2011-12-22 00:00:00,62a11f45-6fc8-4c06-8fa2-9ba26e048779,771,0
45209,1,5660,3578.27,1,2011-12-22 00:00:00,9a4f071d-5376-4c30-bb47-d4c1fb2f02d8,753,0
45210,1,5661,3578.27,1,2011-12-22 00:00:00,4a9103dc-b10c-42c2-aad8-d9f079146da3,750,0
45211,1,5662,3578.27,1,2011-12-22 00:00:00,f7330edd-e789-4463-8e3e-d4fa2ba24797,750,0
45212,1,5663,3578.27,1,2011-12-22 00:00:00,24c046e3-c065-47cc-8e9f-0286bdcbe14a,753,0
45213,1,5664,3374.99,1,2011-12-22 00:00:00,364aae2d-8b24-4fc2-bf62-a82aeb279033,776,0
45214,1,5665,3578.27,1,2011-12-23 00:00:00,d685f535-cbff-4367-8027-bbdc5af65a44,749,0
45215,1,5666,3578.27,1,2011-12-23 00:00:00,2c1edb68-b1f3-4fde-8720-b334c0f7399f,751,0
45216,1,5667,3578.27,1,2011-12-23 00:00:00,bfec7567-4d5f-459c-b005-a38f863d581d,752,0
45217,1,5668,3578.27,1,2011-12-24 00:00:00,aab2bb7c-1a52-4a50-ac41-906a4fd87f07,753,0
45218,1,5669,3399.99,1,2011-12-24 00:00:00,08a68644-8b47-415d-a631-2bf97c79ec8e,772,0
45219,1,5670,3578.27,1,2011-12-24 00:00:00,e2404d63-d5ad-466b-a8a9-663b6b7e2e55,752,0
45220,1,5671,3578.27,1,2011-12-24 00:00:00,11b647e8-ed12-4bac-9c79-34f97c5eb2d2,751,0
45221,1,5672,3578.27,1,2011-12-24 00:00:00,b93d093f-c74a-49f7-82e4-eb75d880bc7a,753,0
45222,1,5673,699.0982,1,2011-12-24 00:00:00,6978362c-97be-4845-910b-7d9f7cdfa35d,764,0
45223,1,5674,3578.27,1,2011-12-24 00:00:00,57debc81-4307-4f1b-b712-dcff4372d0e6,751,0
45224,1,5675,3578.27,1,2011-12-24 00:00:00,b8aff43e-f25a-435a-890a-6b44e89c9e53,750,0
45225,1,5676,699.0982,1,2011-12-25 00:00:00,5412fbca-bea3-4964-9d91-a694e637d5ef,768,0
45226,1,5677,699.0982,1,2011-12-25 00:00:00,0f54437a-f745-4e5d-90ed-3e9d6fc2374e,770,0
45227,1,5678,699.0982,1,2011-12-25 00:00:00,4589eaaf-1234-4109-8da4-8e06e979fa37,760,0
45228,1,5679,3578.27,1,2011-12-25 00:00:00,62447b6a-6f64-467e-93da-866eb9d9466a,753,0
45229,1,5680,3374.99,1,2011-12-26 00:00:00,4a62b6e0-11fa-4949-bc57-ff5e6da12f4d,776,0
45230,1,5681,3578.27,1,2011-12-26 00:00:00,56a1367a-17af-4049-8db1-6090bd7070a7,752,0
45231,1,5682,3578.27,1,2011-12-26 00:00:00,6ad80e58-e5ef-489c-b288-d97abe911853,753,0
45232,1,5683,3578.27,1,2011-12-26 00:00:00,1d6b9dd9-93c9-4dfb-9ae0-271a5f7d2bae,749,0
45233,1,5684,3399.99,1,2011-12-26 00:00:00,cbc6a8be-9024-4159-b95f-de80260af4d4,771,0
45234,1,5685,699.0982,1,2011-12-27 00:00:00,391eb535-38c0-4e36-968d-828da93ef728,763,0
45235,1,5686,3578.27,1,2011-12-27 00:00:00,8e556307-3dc3-42b1-beca-813706e74b2f,753,0
45236,1,5687,3578.27,1,2011-12-27 00:00:00,5cf0eb9a-e7e2-41b5-a210-9b04710e81e7,751,0
45237,1,5688,3578.27,1,2011-12-27 00:00:00,8f22c0ab-8cf8-4201-96bc-352696eb3ab6,753,0
45238,1,5689,3399.99,1,2011-12-27 00:00:00,aefa9bbd-ac33-4897-8274-7479ad9842fb,773,0
45239,1,5690,699.0982,1,2011-12-28 00:00:00,491d25a2-77fe-4e57-a2fc-58b0973047a9,763,0
45240,1,5691,3578.27,1,2011-12-28 00:00:00,4d3e1f6c-ff92-4ebd-be58-ec483ce902e9,749,0
45241,1,5692,3578.27,1,2011-12-28 00:00:00,0f62d99b-19f0-4529-ac4a-b02e664a2862,750,0
45242,1,5693,3578.27,1,2011-12-28 00:00:00,47481890-4c0a-4746-be88-afc2be1025d9,750,0
45243,1,5694,699.0982,1,2011-12-28 00:00:00,79e57583-fc0d-46df-a75c-e02459ab305e,766,0
45244,1,5695,3374.99,1,2011-12-28 00:00:00,dac7b338-5410-41cd-8fc9-db671af91dcf,777,0
45245,1,5696,3578.27,1,2011-12-29 00:00:00,0a927adb-adfd-46ea-a3d1-2d023cc95846,749,0
45246,1,5697,3578.27,1,2011-12-29 00:00:00,39150a44-11c8-47cc-80f9-700fdfec5d1c,749,0
45247,1,5698,699.0982,1,2011-12-29 00:00:00,7e652cbe-5317-427d-8b68-d6edd92f94a2,766,0
45248,1,5699,3399.99,1,2011-12-29 00:00:00,e249c7d3-24c1-4bd5-b54d-f75f341b1998,771,0
45249,1,5700,3578.27,1,2011-12-30 00:00:00,c335e667-cf47-4253-9c15-5fc42ffebe16,749,0
45250,1,5701,3578.27,1,2011-12-30 00:00:00,57fb4917-fc29-44ca-b752-6d1b42048242,749,0
45251,1,5702,699.0982,1,2011-12-30 00:00:00,26f80b59-2c34-49ae-a854-5328715dd7bc,766,0
45252,1,5703,3578.27,1,2011-12-30 00:00:00,3181ea8a-5805-40ee-92b4-f7d3e01d1978,751,0
45253,1,5704,3578.27,1,2011-12-30 00:00:00,42763079-eeed-4882-8733-1147e2eb56bd,753,0
45254,1,5705,3578.27,1,2011-12-30 00:00:00,3f6fdddf-95cb-4b8a-b359-0b7405a070f1,753,0
45255,1,5706,3578.27,1,2011-12-30 00:00:00,96023062-9d03-4802-9282-ecc411c5384e,753,0
45256,1,5707,699.0982,1,2011-12-30 00:00:00,5d49526b-34d8-4c3f-aed3-15f8ac246afc,767,0
45257,1,5708,3578.27,1,2011-12-30 00:00:00,7ce200b6-4c62-409c-b575-bfc57aca8bf2,753,0
45258,1,5709,699.0982,1,2011-12-30 00:00:00,3acb5182-ed79-4e0a-85b4-a3d90b9143a4,769,0
45259,1,5710,3578.27,1,2011-12-31 00:00:00,ae06aa1a-9591-4e2e-8cbb-12c5e39ca8dd,753,0
45260,1,5711,3578.27,1,2011-12-31 00:00:00,cd367174-d7a0-4761-96ef-536a903362f6,749,0
45261,1,5712,3578.27,1,2011-12-31 00:00:00,e666c625-e80c-4eff-aae7-adf4b174b234,751,0
45262,1,5713,3578.27,1,2011-12-31 00:00:00,362933c9-28d1-46a7-932a-0916078f4f16,752,0
45263,1,5714,699.0982,1,2011-12-31 00:00:00,54198ad6-abeb-48ca-88c3-dec56c88fa21,769,0
45264,1,5715,3374.99,1,2011-12-31 00:00:00,9add3684-5688-4af0-8e5b-32b4c57151c2,776,0
45265,1,5716,3374.99,1,2011-12-31 00:00:00,ad5e38a5-9d19-4d8f-bf6c-606a6ae65a8f,777,0
